005-31-3296,Elena,Female,187792,32092,Oriole,WestHempstead,NY,11552,rcoolicanb@imgur.com,SbZjDQn0
012-12-0826,Darrell,Male,155394,52556,Carioca,Anaheim,CA,92806,smacksteadi@sakura.ne.jp,FKNUIcKYr2
012-59-0829,Heddie,Female,57090,51,Messerschmidt,ArlingtonHeights,IL,60004,wpeizer2o@army.mil,GhHluMNBJ9L
022-43-3364,Herta,Female,189363,52,TwinPines,Seymour,IN,47274,ssmolana@freewebs.com,LJXPPS
029-56-8982,Flor,Female,164482,68537,Gale,Zionsville,IN,46077,aormiston12@google.cn,ljnupn3
030-95-6878,Sephira,Female,53018,2959,Erie,Loxahatchee,FL,33470,hklauer22@com.com,az3C1B6
031-49-9644,Benetta,Female,128667,906,3rd,Zionsville,IN,46077,dboynew@gnu.org,6oZ8OBmQ
033-12-2633,Fernanda,Female,87957,6,Springview,Newnan,GA,30263,mclingan1h@wordpress.com,wEU7HAUn
035-89-2804,Kippar,Male,137918,57,Huxley,WestHempstead,NY,11552,sdionisof@deliciousdays.com,hC8nhEq7cA0k
036-81-4405,Xavier,Male,147116,4,Grasskamp,Xenia,OH,45385,gcullinanen@photobucket.com,aUlrQA
037-05-9263,Timotheus,Male,196566,8440,4th,Elgin,IL,60120,rker4@auda.org.au,MOHYMFW
046-92-0485,Cristian,Male,38763,37140,Wayridge,Muskego,WI,53150,celdrett21@pen.io,ErM1ZhnU
049-25-7434,Kip,Female,188711,368,Bellgrove,Conway,SC,29526,casel7@squidoo.com,7ohtpL5
062-71-6194,Coral,Female,173090,5656,Welch,Conway,SC,29526,mperl14@prweb.com,kPyiHQgUk
062-77-5023,Ellsworth,Male,113824,7519,Dovetail,GrandForks,ND,58201,nyosevitz1g@techcrunch.com,7KSKSL9
069-26-1614,Gerianna,Female,116366,10,Daystar,GrandForks,ND,58201,tdengel1c@histats.com,kHd7cZENc7H
075-86-3379,Rolfe,Male,167193,94050,Browning,Xenia,OH,45385,lledstoneg@mayoclinic.com,dBnvOjsZaq
098-22-9651,Bettina,Female,139431,12,Armistice,Loxahatchee,FL,33470,rbudge1a@gravatar.com,wEwA6ffo
102-48-8381,Andrej,Male,215483,1,Dottie,GrandForks,ND,58201,sheindrick3m@marriott.com,ZKSPwI6Zq
103-38-2396,Opaline,Female,184600,13394,Thackeray,Elgin,IL,60120,keglese5i@cbc.ca,O8Jyqa
106-09-3531,Randie,Female,179925,20593,Hauk,Muskego,WI,53150,ibartalin1t@tumblr.com,E5Ruv1S2WMQ
109-15-4270,Cecile,Female,65902,325,Lerdahl,Newnan,GA,30263,hsinden4c@is.gd,Z8UNZHB
112-84-9098,Claudell,Male,235576,70,CharingCross,Seymour,IN,47274,hcamden1f@ow.ly,p98XBQU4V7LZ
114-49-6592,Dorice,Female,189907,14610,Becker,Anaheim,CA,92806,acarlo5a@wix.com,JeuMsaGzrYp
116-59-7602,Vanni,Female,65006,1182,OldShore,Montgomery,AL,36109,szaniolo2l@so-net.ne.jp,QukmY46zuv
118-47-8055,Maurizia,Female,119068,0,Express,Xenia,OH,45385,kshanahan44@chicagotribune.com,zDN2N0pnnp8A
118-91-2995,Vidovic,Male,139256,298,MeadowValley,Hillsboro,OR,97124,ghebborne1i@pcworld.com,hpiivt1l
127-92-5270,Jaimie,Female,101450,946,Blaine,Conway,SC,29526,mprior90@unicef.org,bGt7HFrR82
128-58-0087,Heida,Female,222615,8,Pankratz,Montgomery,AL,36109,mschubert3e@studiopress.com,2fqlbI
128-85-0024,Ericka,Female,50453,91,Orin,Seymour,IN,47274,arake1u@stumbleupon.com,J98jd3dgm22s
134-03-0450,Isa,Male,54972,8,Nevada,Muskego,WI,53150,oshakshafti@e-recht24.de,HLedXjiP
136-60-5021,Bailie,Male,160473,63,Welch,Montgomery,AL,36109,sscedall36@bbb.org,Efpd7WC3oq2
139-00-1369,Ara,Female,155609,47,Oakridge,GroveCity,OH,43123,arosoni2e@about.me,n3OWoEqW
140-15-6467,Clyve,Male,186357,697,Badeau,Dundalk,MD,21222,bwickwarab@sakura.ne.jp,D5Z3MJ
140-17-0734,Trudey,Female,201738,8669,Carpenter,Newnan,GA,30263,cdahlborg7r@epa.gov,RkSbKQ
140-56-8527,Barton,Male,224453,7,Vidon,Elgin,IL,60120,shurley4z@fastcompany.com,DkMK17m
142-29-7582,Avrom,Male,165572,58,1st,Zionsville,IN,46077,boleksiak3y@dion.ne.jp,1wKxfibrAbS
146-53-0709,Judah,Male,53473,1,ValleyEdge,GrandForks,ND,58201,lcavan6p@creativecommons.org,XxWeDpz
149-30-9510,Allan,Male,160084,7,Menomonie,Durham,NC,27703,dtregenna9z@flavors.me,pUgLZBoF
151-07-0841,Dalenna,Female,134109,72,OakValley,Lynn,MA,1902,esealeyo@squidoo.com,XIUVVR3AeX4u
151-97-0021,Leupold,Male,126401,758,Buhler,Dundalk,MD,21222,plavington1b@virginia.edu,RGHMB8jHz
153-83-0915,Stephan,Male,163292,1,Susan,Zionsville,IN,46077,lkorneichik7t@netscape.com,opq7uTRGvGWR
154-13-5719,Guthry,Male,115434,5384,ValleyEdge,Xenia,OH,45385,ypiele28@ycombinator.com,dBnvOjsZaq
154-37-6663,Orren,Male,160668,8,ClydeGallagher,GroveCity,OH,43123,cmoen9a@usa.gov,5OjiyCYvuWp
154-76-8618,Gretna,Female,101141,91,Sunnyside,Durham,NC,27703,wmagovern84@posterous.com,6BwseBril
155-21-7758,Norbert,Male,222972,2088,BriarCrest,Lynn,MA,1902,tthurstance1j@creativecommons.org,NM1PfwV
156-45-5025,Clarke,Male,45268,1247,Granby,Durham,NC,27703,rsibthorp1q@webeden.co.uk,cQJwKQ
159-41-7365,Kimbra,Female,166672,5432,NewCastle,Muskego,WI,53150,cstuchburie6e@china.com.cn,8lawKA8dhOqb
159-89-8366,Curran,Male,22095,8868,Fulton,RockyMount,NC,27804,gbiskupiak1d@parallels.com,EtjaDJRrhe
161-93-2420,Sherill,Female,82555,148,VillageGreen,WestHempstead,NY,11552,scastellsap@youku.com,43jyAJ06
162-73-9236,Tabitha,Female,96981,486,Karstens,ArlingtonHeights,IL,60004,bbatson8z@howstuffworks.com,yiKFoZ
163-03-7960,Wiley,Male,24843,4,Thackeray,Lynn,MA,1902,sboulden4a@seattletimes.com,0TCvTYI00vY
164-35-0184,Corene,Female,234000,41,Texas,RockyMount,NC,27804,etavner38@samsung.com,ErM1ZhnU
166-94-3782,Dermot,Male,207962,17,Bowman,ArlingtonHeights,IL,60004,rprynne4e@ted.com,EocuIWd
169-40-0926,Hew,Male,141802,4,Thierer,RockyMount,NC,27804,pmcelwee73@tamu.edu,Xv2hkrRM4
170-02-5496,Velma,Female,114215,891,American,GroveCity,OH,43123,aworsfold2u@ebay.co.uk,Asc7MbcN3Sx
171-90-3255,Emelina,Female,186315,38039,Bashford,Newnan,GA,30263,bbeever27@123-reg.co.uk,zSMgeocRLK
172-09-2436,Marinna,Female,46803,4248,ClydeGallagher,Elgin,IL,60120,nrothschild6q@1und1.de,HynKYQ8Fd0n
172-39-4797,Aurore,Female,212445,26,Waxwing,Newnan,GA,30263,cbarbierk@uol.com.br,GJxgAuY
172-98-2025,Lisle,Male,194763,462,Continental,Zionsville,IN,46077,fiffed@google.fr,L2TbzA
177-68-0159,Lavinia,Female,220945,8045,WeepingBirch,Lynn,MA,1902,mpanswick9s@tiny.cc,4pqNsjWwVys1
179-89-6561,Alma,Female,85086,19904,Quincy,GrandForks,ND,58201,mconring3d@yahoo.co.jp,xh8GyMuzF
180-23-5340,Christean,Female,235688,352,Stephen,Elgin,IL,60120,qbowlesworth15@tuttocitta.it,74OaXWL
182-55-6559,Bartlett,Male,70809,3,Huxley,ArlingtonHeights,IL,60004,kkittow2g@dmoz.org,ZEsgSpm
187-37-4428,Monroe,Male,209734,9,Nevada,Zionsville,IN,46077,ezanotti7u@altervista.org,shIOo8oV
189-11-8953,Gino,Male,142037,7,Macpherson,Lynn,MA,1902,gbensen17@berkeley.edu,QdqRKhpAO
189-36-2636,Ike,Male,167532,2026,Victoria,Loxahatchee,FL,33470,aandre1t@wp.com,jTWnkYppH
192-24-5256,Had,Male,174945,62290,Stang,Seymour,IN,47274,ckiddyad@about.me,it3azfECzcRT
195-79-3223,Bronnie,Male,239832,0,Armistice,Durham,NC,27703,gfells1m@china.com.cn,vcWWKex
197-11-6175,Floris,Female,205925,8477,Lien,Dundalk,MD,21222,aeckhardat@umn.edu,BiiJIFsf1Fb
198-91-2370,Karlen,Female,25738,50,Fordem,Zionsville,IN,46077,ndigiacomo1e@economist.com,bqe920nusC67
205-43-3965,Berkie,Male,105865,8,FairOaks,GroveCity,OH,43123,sgavey20@oaic.gov.au,VLhyOl
206-04-9681,Karole,Female,125585,543,Annamark,Lynn,MA,1902,zhartle2c@lycos.com,6N3TnmCxW
206-74-8722,Cordell,Male,196920,6516,Merry,WestHempstead,NY,11552,gscrauniage4q@dion.ne.jp,cFgbvj
207-06-5127,Katti,Female,87366,93143,Lunder,GrandForks,ND,58201,wsyphus3t@washingtonpost.com,VHqsBbD8
214-94-4384,Bald,Male,152709,1676,Barby,GrandForks,ND,58201,lhindshaw7h@unesco.org,uGR0nlwzgRqs
218-08-3213,Berky,Male,151734,504,Roth,GroveCity,OH,43123,mbrandino4t@bbc.co.uk,QdqRKhpAO
218-77-3231,Wat,Male,114454,62467,Stoughton,Seymour,IN,47274,mpresland1k@paypal.com,V0Yi64wYe
222-10-4038,Pooh,Female,98891,42,Judy,Dundalk,MD,21222,rmcgrealg@ucoz.ru,mmZlSuiEl7xw
224-01-6544,Edita,Female,147133,62771,Algoma,GroveCity,OH,43123,biacovacci18@technorati.com,cFGGSc5wGn
224-92-3812,Dulcine,Female,218164,123,Redwing,Seymour,IN,47274,tfranscioni28@boston.com,XcqNfcLbeYHC
225-58-5139,Minne,Female,60149,696,Upham,WestHempstead,NY,11552,kschwartz1l@mit.edu,it3azfECzcRT
228-43-8644,Nerty,Female,235828,478,RidgeOak,Lynn,MA,1902,ccarrutherse@redcross.org,gfWiBT8h2
228-73-2645,Brandyn,Male,33226,688,Monument,Seymour,IN,47274,ssiward2b@rediff.com,hcm60Bp9j
228-79-9267,Luci,Female,98833,1,Express,RockyMount,NC,27804,rsiggin7j@yelp.com,lVKh9Zay
231-26-3163,Kristos,Male,173814,7,Karstens,Xenia,OH,45385,wdampier1h@addtoany.com,7mM0w3lp7xog
231-90-4670,Terrill,Male,73111,7,Porter,Xenia,OH,45385,lthebeaud1w@marketwatch.com,42KddJ
233-80-2239,Curcio,Male,139549,14185,Roxbury,Elgin,IL,60120,mrighy93@deviantart.com,IYG8wg
233-97-7549,Kain,Male,122910,6,Westport,Anaheim,CA,92806,alassells42@ucla.edu,85rfXfXMLkXP
239-12-0252,Ulla,Female,132103,449,CrescentOaks,Anaheim,CA,92806,cguys6w@timesonline.co.uk,CTZcaTsat
242-22-1022,Constantia,Female,71328,1428,Glendale,RockyMount,NC,27804,mcurzon32@fastcompany.com,IsSxnXCFlz
242-77-5651,Violante,Female,172752,58,Hallows,Zionsville,IN,46077,dhammerw@hao123.com,7EJB3CI
243-78-0200,Modesty,Female,15908,9,Schurz,GrandForks,ND,58201,cmardell4m@t-online.de,n2Z6fywphaU
246-89-0488,Ricardo,Male,103640,8832,HolyCross,ArlingtonHeights,IL,60004,lharcourt78@engadget.com,g2VGILaO
249-34-1440,Jard,Male,77143,78070,Merry,ArlingtonHeights,IL,60004,hgon17@oracle.com,aUlrQA
251-32-1829,Ringo,Male,199512,52,Warbler,Englewood,NJ,7631,wpoynton19@over-blog.com,dctn5B4aw
251-39-5593,Adolphus,Male,134565,8629,Dottie,Englewood,NJ,7631,chobble1v@marriott.com,BiiJIFsf1Fb
251-62-4861,Reuben,Male,137565,22,Grim,Durham,NC,27703,gelliott8h@simplemachines.org,LJXPPS
252-14-9117,Weber,Male,174661,3994,Forest,Dundalk,MD,21222,fmcgiffie35@weebly.com,PsmnQtkcFvK
253-41-9632,Elizabet,Female,102741,4,Nancy,Hillsboro,OR,97124,spittel8a@economist.com,qPpLWs
258-77-8094,Albertine,Female,212871,1968,Heath,Xenia,OH,45385,rmcneillyaf@berkeley.edu,3AyUJs
258-98-2872,Audie,Female,106715,7744,AmericanAsh,Elgin,IL,60120,kallix5s@economist.com,wNens7mNswDw
259-49-7575,Cathrin,Female,47603,958,Northport,Durham,NC,27703,abellefant2r@smugmug.com,Nk5IpDYs
259-86-1764,Evered,Male,134401,11798,Porter,Xenia,OH,45385,lcatling26@studiopress.com,SSb5G6F446
260-40-3969,Grace,Male,246530,617,Moland,Lynn,MA,1902,jpattesall60@exblog.jp,bYk91KwnRGlJ
263-85-4815,Frazier,Male,200492,117,StoneCorner,Newnan,GA,30263,amaclure4u@apache.org,kPyiHQgUk
266-74-7865,Augustina,Female,28514,2960,Holmberg,Dundalk,MD,21222,lwapple69@addtoany.com,ZaDqFpjh
266-82-4218,Tedmund,Male,169562,25,Hovde,Englewood,NJ,7631,sstienton9q@comsenz.com,Z6ygA13
268-41-5086,Cathrine,Female,193172,4655,Montana,Durham,NC,27703,rjaye2j@ameblo.jp,GhHluMNBJ9L
268-75-4556,Brian,Male,103424,85,Westend,Englewood,NJ,7631,mhearon3a@wunderground.com,OOH7YEVQ
268-95-6068,Sigfried,Male,243532,68,Holmberg,Montgomery,AL,36109,sbernhardt1d@360.cn,45LIv1XQrxN
269-95-3191,Dorena,Female,208209,95,Eliot,Englewood,NJ,7631,kstygall8p@webnode.com,RYJC37nki
274-52-2026,Domenico,Male,54962,87504,Sunnyside,Englewood,NJ,7631,pverrallt@wunderground.com,djQhRRkUXe
274-92-1288,Giovanna,Female,24240,75886,Merrick,Muskego,WI,53150,hbartolomeoni2m@theglobeandmail.com,49Qh7MLT
275-20-7248,Clement,Male,46864,58,OldGate,WestHempstead,NY,11552,airving8o@cocolog-nifty.com,SbZjDQn0
277-07-3154,Robb,Male,231515,42468,Sommers,Anaheim,CA,92806,dresun3w@theatlantic.com,8aL53Q5WtWx
278-67-7613,Nicola,Male,165620,473,Bellgrove,Lynn,MA,1902,rsellan77@ocn.ne.jp,jc6rsfuvq
281-39-4432,Lyndsay,Female,185230,77,Carey,Lynn,MA,1902,rdowzell3n@macromedia.com,CB2zSWt
287-51-8424,Ailis,Female,236508,13,Welch,Conway,SC,29526,afarnhilla7@list-manage.com,n3OWoEqW
288-30-3586,Katey,Female,146387,99176,Duke,Muskego,WI,53150,rdulanty3o@thetimes.co.uk,zfxf1e
292-33-4949,Domenic,Male,91285,27101,Duke,Durham,NC,27703,egaskalle@photobucket.com,pUgLZBoF
297-42-1298,Cloris,Female,209512,7764,Graceland,Zionsville,IN,46077,etezure7g@gizmodo.com,RCPEA8uzPD8
300-86-1489,Artemas,Male,241344,6795,Jenna,Montgomery,AL,36109,jstothert7l@cpanel.net,VfoLFwC
301-19-4308,Lexis,Female,82296,66,Everett,Zionsville,IN,46077,mtourot0@geocities.com,GUXU99
301-92-3987,Gavra,Female,183029,0,Coolidge,GrandForks,ND,58201,gmarmion6@storify.com,abZe9u
302-95-7380,Nesta,Female,163006,617,Victoria,Montgomery,AL,36109,eflippen98@storify.com,bO6X8Aaj
305-45-7445,Trevar,Male,210214,2104,ValleyEdge,Seymour,IN,47274,klunnon8x@hibu.com,PsZK4hXCu
307-36-6298,Willem,Male,99436,2271,Kropf,ArlingtonHeights,IL,60004,ffoskew2f@t.co,MxwrSz
307-51-2070,Revkah,Female,164888,477,North,GrandForks,ND,58201,nburnand5x@washington.edu,dAIpH3vm
308-88-8566,Avrom,Male,247953,4,Straubel,Muskego,WI,53150,pwreight14@homestead.com,kELba5nNi
310-49-4827,Itch,Male,74536,36,Vera,Durham,NC,27703,glansly6o@google.com.hk,az3C1B6
310-70-2131,Ike,Male,66698,51,Grasskamp,Lynn,MA,1902,garman40@hostgator.com,8Xljtqow44b
312-75-6953,Myrle,Female,159879,66,Delaware,GroveCity,OH,43123,mkarby9w@arstechnica.com,qm7gYre
313-51-0228,Tiff,Female,135742,75909,Emmet,Lynn,MA,1902,mdrinnan1n@home.pl,wLl0pV7
318-24-3695,Kenny,Male,211268,8653,Cottonwood,Englewood,NJ,7631,sdeporte7d@sfgate.com,UYTRtZs
319-56-5968,Farrah,Female,168421,324,Golf,Hillsboro,OR,97124,nlongford2b@flickr.com,FWz5KRzfBU
319-81-0526,Towney,Male,189684,31,Artisan,ArlingtonHeights,IL,60004,wschrinel55@yahoo.com,a1xG6sX
319-89-3182,Pia,Female,77729,439,Michigan,WestHempstead,NY,11552,smontford9b@com.com,MxwrSz
320-71-0068,Yancey,Male,169390,32254,Sachtjen,Englewood,NJ,7631,dforce43@oracle.com,VMNDzMIh0KN
321-35-6055,Jaimie,Male,196677,120,WeepingBirch,GroveCity,OH,43123,ehorbart75@nymag.com,bcWXMD
321-54-5168,Cass,Female,241039,998,RonaldRegan,Hillsboro,OR,97124,wunwins5l@mozilla.com,42KddJ
322-64-0091,Madonna,Female,214910,1,Onsgard,Hillsboro,OR,97124,celden5d@scribd.com,uhxEvBPbk
324-47-5399,Christoffer,Male,78733,16945,Karstens,GroveCity,OH,43123,rmortimer3h@github.com,MOHYMFW
324-68-8840,Marylou,Female,130639,87,Hoepker,Xenia,OH,45385,emccorkindale29@wikimedia.org,SZo7q1
326-86-1748,Mattheus,Male,120908,6845,Dunning,Hillsboro,OR,97124,dcopin4k@springer.com,yH7V42HV
327-78-9103,Matthus,Male,144085,7234,Springview,Hillsboro,OR,97124,xrosewarne9@princeton.edu,V0Yi64wYe
332-75-7595,Brandy,Female,178878,6192,Jackson,Elgin,IL,60120,gjansen7q@reference.com,o40mdNaFQ
333-54-8992,Mikael,Male,191398,97123,BricksonPark,GrandForks,ND,58201,nburkhillaj@businessweek.com,lk2rIXg
333-97-4421,Mose,Male,77630,5,Sherman,Englewood,NJ,7631,cklemtt@hugedomains.com,PTYNpBZnWB
334-91-5071,Mattie,Female,182272,59,Waywood,Elgin,IL,60120,brollason3j@github.io,sVoxH7
335-74-9217,Terri,Male,53615,7045,Sachtjen,Conway,SC,29526,mroycroft5k@mediafire.com,fuAgrh
337-06-6524,Sayer,Male,76866,36352,Waubesa,ArlingtonHeights,IL,60004,dstud6@tripadvisor.com,jRPj9Tp9
337-27-1744,Luce,Male,223680,53081,Shopko,Anaheim,CA,92806,bwillford9c@dedecms.com,Aikxil
340-76-7720,Tadeas,Male,233832,10,Larry,Durham,NC,27703,poldknowz@trellian.com,MHTYpQNZeyKI
343-94-2113,Winne,Female,21574,7,Warner,Montgomery,AL,36109,jstudmana1@tamu.edu,TCkPshNsjl
345-79-5504,Morna,Female,94649,376,Monica,Englewood,NJ,7631,tchestney2k@npr.org,fcl3Qk
346-13-4942,Avigdor,Male,235340,95,Evergreen,Englewood,NJ,7631,jkearsley5m@spiegel.de,8pbC35ry
349-54-2635,Xerxes,Male,175139,1319,DiLoreto,Dundalk,MD,21222,wdorr7c@wikipedia.org,gfBtU1yiM
351-24-7436,Allen,Male,142400,50,Carioca,ArlingtonHeights,IL,60004,whalmai@nhs.uk,VLhyOl
351-45-9030,Ermina,Female,44514,37508,Maple,Seymour,IN,47274,rchalke5g@instagram.com,UW0GCSD7oPfi
351-66-5475,Laure,Female,168472,77,Veith,Loxahatchee,FL,33470,mharrema2p@163.com,5U2btvrRzsWk
354-33-3240,Cynde,Female,71830,2,Kim,Montgomery,AL,36109,ypeake3u@nytimes.com,6oZ8OBmQ
354-49-8443,Atalanta,Female,105137,525,Jackson,ArlingtonHeights,IL,60004,cszwandt4@xing.com,x8k1M0i
355-61-0502,Emilio,Male,99791,6148,Crownhardt,Loxahatchee,FL,33470,bwaldenh@jugem.jp,gfWiBT8h2
357-28-7927,Mathias,Male,60141,29547,Granby,Newnan,GA,30263,lbockingp@facebook.com,RkSbKQ
360-56-2694,Anastasie,Female,222052,1,Mayer,Englewood,NJ,7631,jsapir7e@auda.org.au,5YZEDi
364-16-4902,Codi,Female,140910,6671,Golf,Conway,SC,29526,myesipova5@opera.com,XIUVVR3AeX4u
367-03-3308,Sutherland,Male,151563,1,Armistice,Zionsville,IN,46077,lhebson1a@walmart.com,CHn82o
367-41-8423,Orton,Male,175281,410,Elmside,Conway,SC,29526,jduckett83@mayoclinic.com,duQNFNPdc
368-16-7143,Madeline,Female,168299,12,Sachtjen,Muskego,WI,53150,rcowup66@yolasite.com,34Amxuy5pxP
368-24-7668,Pietra,Female,219103,70651,Delladonna,Durham,NC,27703,aspincke23@japanpost.jp,rP6PTkt1
369-56-2763,Winnah,Female,112397,2243,Welch,Xenia,OH,45385,cschusterl9x@eventbrite.com,7FO5JbV
370-57-2932,Luciana,Female,137673,9592,Hanover,Durham,NC,27703,dtaylder7x@qq.com,SyQTGb
370-68-0411,Arnie,Male,185092,6340,Northview,Durham,NC,27703,dmoncey6z@youtube.com,MqmkRhAC9gx
373-19-3856,Fredek,Male,44095,2710,4th,Xenia,OH,45385,koleszczakl@springer.com,MOHYMFW
373-62-8738,Scott,Male,65044,4385,Hudson,Loxahatchee,FL,33470,fdungey1e@businesswire.com,CB2zSWt
375-75-1142,Brynna,Female,79975,2874,Vidon,Conway,SC,29526,cveryard5y@hp.com,macu6QjD
379-30-7696,Lannie,Male,233292,524,Bluestem,Dundalk,MD,21222,pfenge5p@ameblo.jp,RcEmCoP
379-48-1680,Nickie,Female,103500,2,Packers,Durham,NC,27703,clodemann1z@va.gov,dBnvOjsZaq
381-44-1410,Brenna,Female,123022,8542,VillageGreen,Seymour,IN,47274,gleyntonak@kickstarter.com,rOhMfs
384-91-5583,Gabriellia,Female,214102,229,Dapin,Xenia,OH,45385,awetherill47@fotki.com,7Qf1oPvr
386-13-4843,Rodi,Female,233978,70131,Scofield,Seymour,IN,47274,vharriday5v@domainmarket.com,49Qh7MLT
386-89-1807,Susanetta,Female,197074,5256,Paget,Englewood,NJ,7631,pwolfindale2e@linkedin.com,sbT1zz9W3pe
387-54-3978,Gipsy,Female,151637,5001,Prairieview,ArlingtonHeights,IL,60004,ncommucci1c@angelfire.com,Nopeop6
390-74-1397,Andrew,Male,232910,34,Ilene,Newnan,GA,30263,ddressel46@cargocollective.com,ocQc6n68I0n
391-44-8727,Orlando,Male,231460,66200,Sullivan,Hillsboro,OR,97124,shebblen@facebook.com,F8LHVO8H9
392-39-1218,Durand,Male,229531,66,Service,Englewood,NJ,7631,kshoubridge4j@shop-pro.jp,tngtiOASO7
393-06-9621,Emalee,Female,142749,6,Manitowish,GroveCity,OH,43123,fpoate4g@pinterest.com,cQJwKQ
393-57-2322,Eloise,Female,35949,3,Stephen,WestHempstead,NY,11552,rskeemorq@amazon.co.uk,kOESFV6FM
396-20-7763,Polly,Female,134770,45,Springview,Seymour,IN,47274,ceveringhaml@bloglines.com,eQ6Io1og
397-73-3832,Darice,Female,162049,13,Division,ArlingtonHeights,IL,60004,whufton6y@angelfire.com,hoG5oegWlWeF
397-75-3505,Ariela,Female,51236,519,Jay,Muskego,WI,53150,choult6v@squarespace.com,38EuRoF9B
398-95-9881,Webster,Male,166300,7392,Hudson,Hillsboro,OR,97124,mfellgatt49@merriam-webster.com,xBKVggi
400-44-0162,Tracy,Male,146634,39,Shasta,Elgin,IL,60120,ymorstatt95@youtube.com,N88VUeFT
403-75-4700,Hilliary,Female,240680,81923,Summit,Elgin,IL,60120,bpiller4y@soundcloud.com,B4zDNtA3k
405-22-7125,Bartholomew,Male,161257,91,Green,Durham,NC,27703,nbovaird2r@columbia.edu,zDIAcilbg3
405-86-0080,Munmro,Male,201155,29413,Hintze,Dundalk,MD,21222,tmilverton2h@sbwire.com,8RmfsD
406-00-1975,Joly,Female,185523,1,Vermont,GrandForks,ND,58201,mlyster1f@fotki.com,X4HtElj
407-61-4305,Johny,Male,20748,6612,NewCastle,Elgin,IL,60120,ahannondas@delicious.com,9Bo7Rcfzk
408-11-0492,Eugenius,Male,26927,4919,7th,RockyMount,NC,27804,tmorrant1i@flickr.com,GouX0Y7xW
408-24-3398,Jareb,Male,85265,94,Fairview,GroveCity,OH,43123,nredit53@si.edu,9elyrkWRVx
410-05-5200,Audi,Female,244407,6,Southridge,Muskego,WI,53150,mbeernt7w@mozilla.com,jaLFXEo8
410-87-2692,Lovell,Male,227549,7492,Northview,Elgin,IL,60120,tjefferys2v@shareasale.com,9UAcTOwFMM
411-34-4670,Eudora,Female,216975,7401,Hovde,Xenia,OH,45385,mainscough1w@tumblr.com,SZo7q1
412-45-5207,Darell,Female,184273,7,Debs,Muskego,WI,53150,abruno10@lycos.com,6tluI2BdvN
413-94-3772,Babette,Female,100347,4,Texas,Elgin,IL,60120,dderry3f@soup.io,HBzhcA
415-10-4457,Erasmus,Male,33681,5,8th,Elgin,IL,60120,gbenford8r@e-recht24.de,9awu777DQ
418-15-4165,Neils,Male,88319,9,Harper,ArlingtonHeights,IL,60004,pnorvel1r@paginegialle.it,5miECr2DadTN
419-58-5808,Vilhelmina,Female,236401,98416,Forest,Conway,SC,29526,measton5@zimbio.com,dKg3ZKgLj6
420-21-3665,Carleen,Female,193585,50402,Westridge,Conway,SC,29526,sdacke89@blogger.com,FmzgGx7t
421-63-9692,Issiah,Male,106958,8627,Randy,Newnan,GA,30263,mryland62@spiegel.de,eui9BZ
422-93-2541,Bevin,Male,157898,0,GlacierHill,Dundalk,MD,21222,epavinesea0@hugedomains.com,7RWZBT
427-88-9426,Cleveland,Male,181958,3,OldGate,ArlingtonHeights,IL,60004,eoilier8y@over-blog.com,CpkraLJnjm
429-28-3808,Tymon,Male,171070,5185,International,WestHempstead,NY,11552,bmcclary7@usa.gov,Fps6zrZiQ
430-51-6008,Boonie,Male,66815,575,Spaight,GrandForks,ND,58201,iverny2p@jugem.jp,CfykSnDEY
436-61-2686,Cecily,Female,185580,93,4th,Muskego,WI,53150,ucastagnassoav@google.pl,hzUWdcDLc
437-83-6063,Jarrett,Male,18987,88,Everett,Durham,NC,27703,mstockbridge2q@bloomberg.com,RQdbZ7k3
441-17-8530,Reinald,Male,222448,5,Talisman,Muskego,WI,53150,llaherty96@istockphoto.com,xl9Sh2TAKo
442-23-8816,Max,Male,195667,650,FairOaks,Elgin,IL,60120,cdorsett6b@state.gov,hC8nhEq7cA0k
446-02-9671,Tab,Male,52603,45,Dixon,GrandForks,ND,58201,breddingtonan@rediff.com,siCFSo
458-35-9023,Coleman,Male,220934,72495,Montana,Montgomery,AL,36109,bhanbridge59@walmart.com,ez2qqDoHaP
458-96-6201,Andreana,Female,44287,73,Ridgeway,Newnan,GA,30263,smatthiesen1z@census.gov,wEU7HAUn
459-40-4921,Trace,Male,25343,871,AutumnLeaf,RockyMount,NC,27804,jginnaly21@reddit.com,YTHr8GejOsml
459-78-2257,Dawna,Female,184206,178,CrescentOaks,Conway,SC,29526,hhobbertp@home.pl,S0mwhxcii
460-18-0002,Bryanty,Male,153753,2,Swallow,Xenia,OH,45385,baikenhead3c@berkeley.edu,2iSrxkF
460-29-0569,Nickie,Male,128524,64691,Dryden,Lynn,MA,1902,ffearnehougho@wikia.com,GNh4Z7
460-40-4617,Boycey,Male,118572,5728,Ramsey,Loxahatchee,FL,33470,astarte7k@hao123.com,r0ErRAgX3
462-22-2149,Geneva,Female,17637,4,Crowley,GroveCity,OH,43123,mdunbletona6@earthlink.net,kSUtuAjcBz
468-56-0606,Deirdre,Female,84213,42890,Warbler,Conway,SC,29526,cpiper11@cpanel.net,TeVc6qOJ
471-09-2797,Raye,Female,184227,8821,Shopko,RockyMount,NC,27804,cmacmeanma72@sciencedaily.com,77VBqYQ2NzXx
473-57-2608,Hy,Male,23274,9467,Kingsford,Newnan,GA,30263,byurinov1q@home.pl,w00mP6
473-69-5354,Isadora,Female,108860,536,Sycamore,Conway,SC,29526,fsnuggs16@cpanel.net,Qb369nHEW
475-31-8922,Joeann,Female,121088,33829,Kim,Englewood,NJ,7631,agrisard1x@pcworld.com,qm7gYre
476-02-6299,Jesselyn,Female,72804,93368,Hermina,Durham,NC,27703,mgoodfellow1o@yellowbook.com,H4inE16338I
477-62-1908,Clemence,Female,211358,82,Becker,Englewood,NJ,7631,mrennocks16@google.nl,fHWxPuaiLUg
479-72-8354,Grenville,Male,148638,317,Katie,Muskego,WI,53150,cdodgson37@hatena.ne.jp,jbbH6s
481-24-4490,Cthrine,Female,100923,7,Fieldstone,Conway,SC,29526,jcousin7n@fema.gov,g8fJUKqNu
481-71-6585,Marylou,Female,73027,856,Blaine,Durham,NC,27703,msanthouse10@naver.com,94hjv67WyZ
482-82-6146,Fonz,Male,118239,7957,Raven,Lynn,MA,1902,dgrunguer27@merriam-webster.com,9UAcTOwFMM
483-26-6707,Niki,Female,59046,551,Village,Durham,NC,27703,lhendrich5h@blogs.com,QbLDxWwf0z
483-51-2446,Kristi,Female,76769,99,Judy,Muskego,WI,53150,lbesantc@uiuc.edu,AG0Ymp
483-88-8213,Leon,Male,219203,56,Hintze,Lynn,MA,1902,mdot99@pagesperso-orange.fr,9dleudIQvu
484-36-6531,Massimo,Male,247956,38778,Kropf,Englewood,NJ,7631,ldobbins63@comcast.net,v1na24
485-80-7989,Juieta,Female,15246,12369,Carey,Durham,NC,27703,swayperb@google.it,v2xAJWGTI8
487-29-7079,Kelwin,Male,122067,9777,Dryden,ArlingtonHeights,IL,60004,ldicky8n@com.com,rZs7yJcZA
490-05-4592,Katrina,Female,28098,11,Michigan,Dundalk,MD,21222,rdornin1b@sourceforge.net,7ohtpL5
491-68-5518,Gayelord,Male,213220,7057,Monterey,Newnan,GA,30263,tiacovinoaa@stanford.edu,0XJg23SiMR7s
492-26-7428,Othello,Male,203193,325,Clemons,Hillsboro,OR,97124,fodare8l@twitpic.com,JnGZJtXw
492-41-7882,Wendie,Female,97858,685,Caliangt,Lynn,MA,1902,rtexton87@twitter.com,JKhFEeITkgY
494-34-4894,Chariot,Male,63898,6919,Grayhawk,Newnan,GA,30263,okahane2j@nydailynews.com,qQEgaoYLHao0
494-45-4052,Michelle,Female,18736,33,GoldenLeaf,Zionsville,IN,46077,csibson3z@ask.com,CO3A0wcwQ0
495-59-1696,Shayne,Female,147554,1483,Maryland,Xenia,OH,45385,bchaudronar@privacy.gov.au,nHZmqejR
495-69-3004,Rodolfo,Male,84193,28937,Eastwood,Muskego,WI,53150,ndomaschke1o@tinyurl.com,H4inE16338I
497-37-0133,Rosemary,Female,17582,426,Vahlen,Hillsboro,OR,97124,zfarran3s@paypal.com,GBWoEUJd
498-11-5079,Michal,Female,50139,3,Mesta,GrandForks,ND,58201,eivieam@marketwatch.com,bZZ1CyONE1
501-03-1438,North,Male,36449,0,Nelson,Xenia,OH,45385,bscotchbourouge39@bing.com,SSb5G6F446
502-38-1355,Shelton,Male,18209,7954,StoneCorner,Xenia,OH,45385,mgirdwoodaq@google.es,o0Cq0h
503-95-8752,Fabe,Male,235990,4407,BurningWood,GroveCity,OH,43123,smattisssena3@simplemachines.org,v9B0BTU
505-72-6559,Lane,Female,49195,5,Delaware,WestHempstead,NY,11552,esiemons1s@about.me,FDgXDaMD
506-79-3989,Abran,Male,111131,80190,Northland,Anaheim,CA,92806,tpreddy9e@dedecms.com,6nwEJb
508-39-7767,Cicely,Female,114696,45636,Manley,Zionsville,IN,46077,rkeble48@ucla.edu,kHd7cZENc7H
511-35-4763,Whitaker,Male,137684,0,Merchant,Xenia,OH,45385,ophilsonq@webmd.com,TnrSu6BANC
511-58-8669,Todd,Male,165490,630,Kim,Loxahatchee,FL,33470,dheisler12@irs.gov,bSPdIVtulDh4
512-74-9570,Phineas,Male,181657,49190,Aberg,Montgomery,AL,36109,lgrent8g@wsj.com,EQ05wbZNaF
514-35-7227,Wren,Female,86474,39,Grayhawk,GrandForks,ND,58201,gbadrock2f@hibu.com,RA6c0clE
517-67-6700,Rex,Male,193622,52450,Caliangt,GrandForks,ND,58201,lgolsthorp2n@ibm.com,OUUDSQDdG2
517-90-6718,Lorne,Female,83824,990,Rowland,Dundalk,MD,21222,nofeenyj@instagram.com,PsmnQtkcFvK
519-41-3910,Lilly,Female,75405,1463,HollowRidge,Elgin,IL,60120,bfarmar5e@chron.com,3bDmicYK2
520-61-5833,Anatole,Male,229513,863,Boyd,Anaheim,CA,92806,hroyan8t@bizjournals.com,w7g3nxL00
523-15-4040,Igor,Male,244670,200,Marquette,Conway,SC,29526,ishouldersaw@cyberchimps.com,xtwsJbr
523-53-8571,Lyn,Female,30413,285,5th,RockyMount,NC,27804,ltrethowan3@uiuc.edu,dBnvOjsZaq
526-22-3298,Yale,Male,67310,7,Macpherson,Durham,NC,27703,daslett5z@trellian.com,dctn5B4aw
533-02-2573,Hunter,Male,63497,5,4th,Lynn,MA,1902,mroskamsal@phoca.cz,5U2btvrRzsWk
533-63-7457,Meris,Female,195807,9788,Carberry,Hillsboro,OR,97124,rculshaw8f@marriott.com,L2TbzA
536-19-8780,Isidro,Male,145715,435,Mcguire,Newnan,GA,30263,wbeazer7y@cbsnews.com,GRpC4Y9QYwt
537-29-6393,Marsha,Female,64290,4,Oakridge,Seymour,IN,47274,ssproson7i@ifeng.com,qOHmJomeWp
537-57-5210,Estele,Female,160530,572,Bluestem,GroveCity,OH,43123,amelendez6s@gov.uk,VtlZR3gUq
540-39-4115,Neils,Male,156263,93,8th,Xenia,OH,45385,hgelderta8@linkedin.com,DirDZ0p
542-04-1672,Kylie,Female,175218,5,Chive,Montgomery,AL,36109,aidill7a@opera.com,tTQL3IenhuPb
543-19-3216,Giulietta,Female,187566,2,Veith,Montgomery,AL,36109,aspeenden8m@com.com,zzv3JgSAbfRq
543-21-4733,Tybalt,Male,98587,6606,Lukken,GroveCity,OH,43123,acalow3k@twitpic.com,iZ86goYlZsy
543-32-1408,Rosemarie,Female,108883,1701,Alpine,GrandForks,ND,58201,cgritten3r@tmall.com,i2878BOytwe
547-21-1535,Gerome,Male,32848,5,Basil,Loxahatchee,FL,33470,wshowtm@chicagotribune.com,HA2kQTjIG
549-90-3394,Francklin,Male,63128,23394,Mayfield,Conway,SC,29526,jminshall7p@hc360.com,8hg6LW
549-91-1875,Andreana,Female,190809,3,Mosinee,Seymour,IN,47274,grany3l@hatena.ne.jp,QukmY46zuv
552-03-9876,William,Male,186663,1,DelSol,WestHempstead,NY,11552,myter3@spiegel.de,9ulgUOYV
552-36-5156,Virgie,Female,245010,26,American,Anaheim,CA,92806,akitteridge2x@springer.com,XMyHKSwcy0
552-99-0501,Marquita,Female,138964,27,Manitowish,Muskego,WI,53150,gtroyes8c@bbb.org,pFMwHloF3XU
553-16-9424,Abner,Male,239068,54,Sutteridge,Montgomery,AL,36109,mpavyer6i@drupal.org,R1cwPEkr60T
554-59-7453,Zeb,Male,146958,597,Corscot,Xenia,OH,45385,cbriand6k@uiuc.edu,djQhRRkUXe
554-84-1128,Nariko,Female,181047,549,Buhler,Conway,SC,29526,doboyle4f@list-manage.com,IXWP67
555-18-8398,Finlay,Male,85132,9249,Duke,Durham,NC,27703,abernhardt31@macromedia.com,nxhIXKDHW
558-59-6801,Vere,Female,44902,693,OldGate,Newnan,GA,30263,eorring3p@spotify.com,t6nt1BBO6x
559-99-8071,Cory,Male,248410,67,Sage,Hillsboro,OR,97124,olichfieldr@flavors.me,7DvlbZ
563-01-0496,Ossie,Male,154848,4880,Arapahoe,Anaheim,CA,92806,mneave94@elegantthemes.com,5Eu0Wgv
565-47-2296,Sidney,Male,124447,4956,Artisan,Muskego,WI,53150,ncardenas13@java.com,T8SKpJ0nW
566-22-5682,Olivero,Male,35260,83881,Northfield,Loxahatchee,FL,33470,ssearchwell2@wix.com,Mq1EODR5
566-63-5203,Carmelita,Female,54836,50645,Riverside,Lynn,MA,1902,aferby1r@ask.com,TdukYNH
566-89-8681,Herold,Male,121205,83,Westend,Elgin,IL,60120,kziehm1p@newyorker.com,wPqU0MEON
566-94-7287,Brigid,Female,238455,363,Melvin,WestHempstead,NY,11552,spendergast8u@adobe.com,uYwCoU
566-95-2605,Adey,Female,149911,93,Merry,Newnan,GA,30263,rcatanheirak@ucla.edu,azwWpC
568-20-6137,Kipp,Male,237735,273,MapleWood,Dundalk,MD,21222,marnullau@washington.edu,zPH2Tpt
569-18-6968,Mandy,Female,242741,470,Heffernan,Englewood,NJ,7631,lissatt24@acquirethisname.com,FKNUIcKYr2
570-76-3413,Rosa,Female,238487,2537,Huxley,Newnan,GA,30263,shartland5t@google.de,UVnxpxOa
570-78-9917,Sioux,Female,84868,2,Waubesa,Seymour,IN,47274,bokieran5c@a8.net,EapFfLys1
571-14-3374,Devora,Female,204201,1446,Anzinger,Elgin,IL,60120,ncohrs19@is.gd,3GOcvBtohh
574-13-6017,Tito,Male,52740,60,Stephen,WestHempstead,NY,11552,hcino6a@hatena.ne.jp,oDUgdTIYJD
578-43-4160,Oliver,Male,116359,214,Mitchell,GrandForks,ND,58201,gsambeck74@arizona.edu,IzTSXM
578-74-3184,Wit,Male,228819,240,Rieder,Hillsboro,OR,97124,anayerb1@altervista.org,akkHcvADUFPi
579-58-7853,Spense,Male,131790,368,Fairfield,Muskego,WI,53150,wschild22@liveinternet.ru,Nk5IpDYs
579-76-9670,Neddie,Male,115471,6,Westridge,GroveCity,OH,43123,afaich5w@elpais.com,VxTuxG
580-61-0084,Joelie,Female,218316,53621,Ludington,Loxahatchee,FL,33470,cjosse4b@fema.gov,4fjwYAXRO
581-53-4831,Raynard,Male,199207,5941,Petterle,Elgin,IL,60120,pwewell33@people.com.cn,6tluI2BdvN
584-75-7464,Gardy,Male,44047,25638,David,Hillsboro,OR,97124,dgillam64@intel.com,X1yYiWs
589-99-4836,Stillmann,Male,131340,47759,BunkerHill,Zionsville,IN,46077,hgallard2l@nationalgeographic.com,NaLTD81bEb
591-14-7829,Mano,Male,59432,785,Stang,Elgin,IL,60120,lmolan57@de.vu,rffv4U6DQEV
591-80-5090,Leroy,Male,201722,9,Fremont,Elgin,IL,60120,mpeake8e@ucla.edu,lmo4XH84
593-86-4289,Germaine,Female,63046,1,Columbus,GrandForks,ND,58201,tespinoy80@sakura.ne.jp,GjBoMrCZj
597-62-1822,Querida,Female,87824,6814,Schmedeman,GroveCity,OH,43123,aakram91@youtube.com,NHbYg7V4
600-32-0084,Bryn,Female,27902,9,Anniversary,Lynn,MA,1902,sstoylesb0@redcross.org,K7HrSzxR0PY
601-74-4231,Neddie,Male,127461,99,Bultman,Loxahatchee,FL,33470,rcantua18@yellowpages.com,lVKh9Zay
602-26-2159,Joycelin,Female,190882,148,Northfield,Elgin,IL,60120,gsteketee8s@reuters.com,YCyiIvyV
603-84-2502,Meghan,Female,54283,6711,Knutson,Xenia,OH,45385,bleveretteax@webnode.com,azwWpC
603-94-2910,Bunnie,Female,171202,5,Namekagon,Hillsboro,OR,97124,glacy6r@gmpg.org,k6tgK1SMm
605-09-7317,Costanza,Female,36954,128,Thompson,Xenia,OH,45385,acallinan7s@bizjournals.com,x0F142i0Czu
606-14-3075,Raphaela,Female,27735,19118,Upham,Durham,NC,27703,mfarresf@vimeo.com,9mZOOKqUG63v
608-81-8497,Candace,Female,35785,618,Nancy,RockyMount,NC,27804,hcartmilly@trellian.com,4rA6O8Tkv
609-89-5427,Berke,Male,185156,22470,Eastlawn,Elgin,IL,60120,epien8d@boston.com,y3oHOSS
609-98-5217,Shayne,Male,127774,8425,Katie,Englewood,NJ,7631,pfawthorpe1m@istockphoto.com,OUUDSQDdG2
614-30-9159,Allister,Male,90338,98715,BlueBillPark,Lynn,MA,1902,mfrancklyn20@adobe.com,gPEU0vy1IQr
614-43-3752,Sydel,Female,141428,694,Pennsylvania,Zionsville,IN,46077,rmurr50@bigcartel.com,SwpI5GK0Y
615-07-6079,Jan,Male,198009,4790,Burrows,Lynn,MA,1902,tferrers6l@zdnet.com,LqKlMI4vgb
616-27-9220,Carroll,Female,119589,5,Tennyson,Anaheim,CA,92806,jwinslow13@drupal.org,5YZEDi
618-01-1686,Tootsie,Female,151171,122,Maywood,ArlingtonHeights,IL,60004,adefew1j@opensource.org,DirDZ0p
618-64-4425,Shantee,Female,73466,43,Express,Durham,NC,27703,jgianasi9y@geocities.com,1yJR0yYZIzL
618-71-7834,Jethro,Male,117139,483,Coolidge,Durham,NC,27703,awestby7o@bing.com,zWpPSGtxoU
618-86-4375,Lock,Male,23244,737,MarinersCove,Loxahatchee,FL,33470,lbohlje51@feedburner.com,vpig2bEDx
619-64-3673,Mellicent,Female,117588,81,Pawling,Seymour,IN,47274,vhatch41@live.com,kCBIM3AhX5dk
621-95-7978,Charmaine,Female,61880,683,Orin,Loxahatchee,FL,33470,cpetracco2w@hugedomains.com,8WMGRM4v2St9
622-21-3731,Wilow,Female,92663,60,Susan,Conway,SC,29526,miley5f@ow.ly,6Q17qL
622-83-8495,Gunner,Male,60082,9,Sundown,Dundalk,MD,21222,nroggieri2c@wikia.com,n2Z6fywphaU
623-96-2324,Clair,Male,93664,2201,Judy,Loxahatchee,FL,33470,rsoppeth1@addthis.com,wPqU0MEON
624-51-8838,Stephen,Male,63380,9155,Arkansas,Conway,SC,29526,mcathenod1g@elegantthemes.com,WqsrdS
626-81-9796,Rahal,Female,106675,916,Pankratz,Dundalk,MD,21222,gallard5@fotki.com,7EJB3CI
627-05-9787,Phyllis,Female,114324,88781,Mandrake,Conway,SC,29526,acluff68@howstuffworks.com,IPP6fXCNb1
627-37-2065,Avigdor,Male,100051,73750,Anniversary,Hillsboro,OR,97124,bpiotr9m@constantcontact.com,onstc960ICI
628-53-4933,Shirlee,Female,92484,595,Cardinal,Seymour,IN,47274,egosz1@ox.ac.uk,eQ6Io1og
628-63-3121,Bary,Male,79656,40,Katie,WestHempstead,NY,11552,wtaks2z@marketwatch.com,7KSKSL9
631-57-2428,Shawn,Female,132224,81,Shelley,Hillsboro,OR,97124,dwedmore4p@slate.com,YoF1LM2
632-38-5429,Hersh,Male,125847,88819,Farragut,Montgomery,AL,36109,hblackwooda2@mysql.com,3YTj5b
633-21-0926,Fredericka,Female,187469,1735,Dixon,RockyMount,NC,27804,nellerkeray@salon.com,IZsQfgXDGXlQ
633-49-8980,Paxon,Male,57717,439,ClydeGallagher,Loxahatchee,FL,33470,tklimt6d@redcross.org,SGmDaD6uUL
633-93-4136,Phil,Male,82071,0,Morningstar,Muskego,WI,53150,lspeers1u@delicious.com,7ekOs0Bvm9Y
635-57-5843,Walliw,Female,172631,6,Heath,RockyMount,NC,27804,dpashenkov2@google.co.uk,6GM8Ouy
637-02-9061,Kimball,Male,77370,2189,Dunning,Xenia,OH,45385,bbogarta4@ftc.gov,K6Ib3qpTYZLm
637-73-4996,Dare,Male,66971,26485,Transport,Montgomery,AL,36109,nocrotty4v@marriott.com,wEwA6ffo
638-74-5678,Walther,Male,161946,66,MeadowValley,Elgin,IL,60120,glindenblatt2i@wired.com,S1klmNkN
639-04-6337,Aleece,Female,226447,64732,Dakota,Seymour,IN,47274,msummerbell6m@arstechnica.com,sCwS4NNU
639-51-6666,Wendell,Male,124443,77,Rutledge,ArlingtonHeights,IL,60004,bstuarth@miitbeian.gov.cn,db70Frgv3Tum
640-14-1692,Annice,Female,224587,9536,Springs,Durham,NC,27703,apechell8q@who.int,ZrRQW7C7Fz6
646-41-1966,Marielle,Female,150256,3594,Northridge,Xenia,OH,45385,etourle86@samsung.com,9sfN1MGX
646-81-7779,Scarlet,Female,172178,56,RedCloud,Elgin,IL,60120,ldawley6h@yandex.ru,Y1l865w7UVyh
650-58-8493,Fredra,Female,57126,183,Monica,Hillsboro,OR,97124,hkubes5j@scientificamerican.com,tVUW5ZUif
654-62-2130,Ariel,Female,92399,12764,Sycamore,GrandForks,ND,58201,trentoul45@surveymonkey.com,NL2qEXpeKldr
654-72-1660,Fania,Female,141954,663,Morning,Loxahatchee,FL,33470,zjelliman8w@yahoo.co.jp,GgEqHjVl
656-63-8386,Hendrik,Male,247426,653,CharingCross,Seymour,IN,47274,mstubbinsa@trellian.com,xU1aVi
657-03-1581,Kennedy,Male,225120,9286,Monument,Loxahatchee,FL,33470,mfall2s@virginia.edu,JOVTXBV
657-52-9689,Faith,Female,150736,373,Oakridge,ArlingtonHeights,IL,60004,srowbotham9d@ocn.ne.jp,lyI6dhLHEC
661-29-4681,Cello,Male,168953,31121,Northport,Zionsville,IN,46077,kburvill9n@stumbleupon.com,GouX0Y7xW
667-21-1994,Mattias,Male,154843,102,Waywood,Zionsville,IN,46077,nbeningfield58@livejournal.com,uS7drGjCc
670-82-6728,Niven,Male,170554,8862,Bellgrove,Dundalk,MD,21222,hheiton2m@constantcontact.com,AAoNGwhTJ
670-96-7546,Carita,Female,194584,3453,Lindbergh,GroveCity,OH,43123,jlampkin26@sitemeter.com,TTQBTaQs
674-17-8825,Craggy,Male,199176,3615,Northfield,Hillsboro,OR,97124,lsanchis9t@nasa.gov,Kh1h40YyxOru
682-81-9485,Caralie,Female,128203,6235,Ryan,Muskego,WI,53150,lchaffen2g@geocities.com,bqe920nusC67
687-72-3573,Myer,Male,131352,2372,Garrison,Lynn,MA,1902,sscoyneu@google.com.au,kJQBT5
693-27-2246,Cazzie,Male,186240,8,Hermina,Lynn,MA,1902,gstory8v@shutterfly.com,TnrSu6BANC
700-37-7580,Marybeth,Female,72796,9776,Eliot,Seymour,IN,47274,bmeddick25@stanford.edu,UVnxpxOa
700-77-1940,Corney,Male,168185,8201,Lillian,Muskego,WI,53150,ltansley7m@google.com.br,enUDZE6Gx9zL
702-24-3178,Upton,Male,157441,92,Bayside,GrandForks,ND,58201,hhalley9o@diigo.com,q9xIHKkJQrv
703-13-6403,Alejoa,Male,71885,538,Morningstar,Hillsboro,OR,97124,htivolier2y@google.es,Mq1EODR5
707-56-2458,Mona,Female,236216,631,OakValley,WestHempstead,NY,11552,gmardell1p@dropbox.com,Qb369nHEW
708-85-2564,Dean,Male,44914,62974,HighCrossing,Lynn,MA,1902,jwilcoxac@acquirethisname.com,MBGbjS9Dc
709-08-2186,Averyl,Female,196100,181,Leroy,ArlingtonHeights,IL,60004,rglackin85@moonfruit.com,jTWnkYppH
709-98-7101,Nicolais,Male,37637,9680,Westridge,WestHempstead,NY,11552,tmactavish8@google.ru,EocuIWd
712-15-5692,Lea,Female,91282,200,Lakewood,Loxahatchee,FL,33470,psteckings2t@symantec.com,Jy6mfqpKO
713-79-3790,Leonardo,Male,127126,13280,Division,Elgin,IL,60120,tlemerie6n@freewebs.com,BNZYFow
714-13-2078,Brittne,Female,178483,54,Harper,GroveCity,OH,43123,mfusedale5b@free.fr,EtjaDJRrhe
715-01-3089,Oates,Male,124250,0,Service,ArlingtonHeights,IL,60004,abeazey4r@loc.gov,wPG6VnXMgrBW
719-46-7923,Shelbi,Female,231822,3,Village,Zionsville,IN,46077,bdeloozeag@bizjournals.com,3zNJifmYDM
719-91-2535,Alain,Male,40544,26,International,Loxahatchee,FL,33470,cvincent92@unblog.fr,2J9hrz4ql
720-77-8444,Ann-marie,Female,166094,3,Ridgeway,Zionsville,IN,46077,ltotton2a@cisco.com,h5aVdHYkZc
722-85-1708,Torrey,Male,214451,80,Hanson,Seymour,IN,47274,fboshell7b@g.co,00QK4PogH5M
723-57-5012,Babb,Female,65215,2,Kinsman,GrandForks,ND,58201,pjobbings97@deliciousdays.com,cVKnZZaAROME
724-99-9580,Corie,Female,204057,2,Dahle,Anaheim,CA,92806,msolman9j@phoca.cz,SsNu5BuF
727-73-9065,Lillis,Female,60036,2337,Novick,Newnan,GA,30263,cfortyej@posterous.com,HHcfM0cpX
728-48-6359,Amory,Male,229692,805,Everett,Loxahatchee,FL,33470,scicci9f@google.nl,v5bhtNQ
728-95-1844,Codie,Male,66147,32602,Express,WestHempstead,NY,11552,schallicumv@nationalgeographic.com,mLIfAnnsfrx
729-65-4980,Gordy,Male,53893,7,Hintze,RockyMount,NC,27804,dangliss15@opera.com,RcEmCoP
734-89-7336,Hinze,Male,241679,43,Stang,Loxahatchee,FL,33470,drudgard3x@jimdo.com,mLIfAnnsfrx
736-22-1563,Laughton,Male,67213,70,Paget,Lynn,MA,1902,kthoraldm@sciencedaily.com,ndIFLr
736-49-0328,Cordell,Male,150947,20,Stuart,ArlingtonHeights,IL,60004,lmcmurrugh79@hostgator.com,OcguxwF
736-84-2531,Win,Male,112793,9,Cottonwood,Durham,NC,27703,rlongcake2i@va.gov,K34AktYG2
737-11-3843,Maynard,Male,41954,50,GlacierHill,Lynn,MA,1902,dmadge54@studiopress.com,AEac1QtjT2
739-14-5744,Lola,Female,215470,5,Village,RockyMount,NC,27804,apautard67@answers.com,8bba5S41
739-17-3846,Darwin,Male,181995,68881,Lien,Hillsboro,OR,97124,msandyfirthr@epa.gov,q9xIHKkJQrv
740-53-5691,Vladamir,Male,96802,88,ForestDale,ArlingtonHeights,IL,60004,msheppey81@yellowpages.com,1aH3I6tKpaRn
742-34-3325,Gilda,Female,127074,9,Hanson,Conway,SC,29526,bgoretti82@huffingtonpost.com,Ljmzrf068Iz
742-73-8196,Winnie,Female,99807,2413,Colorado,WestHempstead,NY,11552,kpettegre3b@vistaprint.com,2p5pDVM
747-70-8285,Nicola,Female,98318,6836,Aberg,Zionsville,IN,46077,atessierae@ycombinator.com,eomMgPAfl
748-92-8800,Lila,Female,33069,220,Harbort,Zionsville,IN,46077,nkasher4i@tripod.com,vfrBYw6l
750-13-5184,Silvana,Female,84345,91765,Brown,Dundalk,MD,21222,rshingler56@merriam-webster.com,FWz5KRzfBU
751-34-7958,Marcelline,Female,188252,44,HollowRidge,Englewood,NJ,7631,igobbett1s@istockphoto.com,dwMoOXXCw
752-59-5833,Garland,Female,148541,245,Dexter,Conway,SC,29526,iaynold1v@posterous.com,UdPwmWs
754-60-4165,Bruce,Male,183947,816,BriarCrest,Newnan,GA,30263,ghalfhyde9@deliciousdays.com,q9xIHKkJQrv
754-76-9583,Cherilyn,Female,206446,47,Nancy,RockyMount,NC,27804,mdavidovits1l@unicef.org,4j5QuOWFaA
755-27-4276,Yule,Male,67046,9314,CrescentOaks,Seymour,IN,47274,cbettridge4s@dion.ne.jp,Ax7QKnb
755-47-5350,Zeb,Male,131073,288,4th,Xenia,OH,45385,egerin6c@spotify.com,J98jd3dgm22s
755-95-2477,Hewe,Male,189957,18,Arkansas,Xenia,OH,45385,wtyson65@elegantthemes.com,1y9y24yS
758-16-4878,Maritsa,Female,215405,87,Utah,Montgomery,AL,36109,lmcguckin5n@nature.com,Rmr5sP
758-37-6803,Barbaraanne,Female,105670,5,Mendota,Englewood,NJ,7631,rdenney9g@bigcartel.com,HA2kQTjIG
759-86-3780,Moe,Male,240418,62623,Nova,Hillsboro,OR,97124,kkabisch2d@is.gd,5miECr2DadTN
761-38-4416,Mariellen,Female,34484,7570,LittleFleur,RockyMount,NC,27804,kchatfield7f@discovery.com,z0X7fJ41Kt
765-08-4960,Athene,Female,154299,3,Kedzie,Anaheim,CA,92806,svanichev9h@japanpost.jp,5YBDlXxg4koi
766-59-8200,Isacco,Male,153186,1,Loeprich,Englewood,NJ,7631,ghebard24@bloglovin.com,ez2qqDoHaP
768-37-1701,Martynne,Female,135200,862,CrestLine,GroveCity,OH,43123,mbamell5u@naver.com,5yZsIk
769-46-2965,Guenevere,Female,175611,10,Eastwood,GrandForks,ND,58201,ltroniaz@is.gd,bbTtKDNXpjXI
773-30-6751,Rad,Male,65835,5,DiLoreto,Zionsville,IN,46077,yannatt4h@europa.eu,dOqOw88qOxOa
778-71-3773,Jyoti,Female,73747,72,Bashford,GroveCity,OH,43123,governell8k@mozilla.com,DAE6mTYu
779-97-6508,Nickolas,Male,69402,798,Clarendon,Conway,SC,29526,hsames2o@stanford.edu,rFqvJYEze9R
780-84-0660,Fair,Male,240486,5,Roth,Hillsboro,OR,97124,fhawkwood88@altervista.org,eAARJIT0
783-93-1075,Staford,Male,196446,723,VillageGreen,GroveCity,OH,43123,jcolton4x@godaddy.com,3jwLTGUtgtVU
788-07-4719,Shirleen,Female,110948,159,Summit,Conway,SC,29526,lmingusx@who.int,SsNu5BuF
793-01-9328,Noell,Female,51311,83926,Holmberg,Lynn,MA,1902,cmerveille2d@1und1.de,EapFfLys1
794-25-1469,Livvie,Female,246955,93670,Colorado,GroveCity,OH,43123,chaws30@mediafire.com,ohC4mj
796-22-1064,Hobie,Male,75161,476,Mallard,Montgomery,AL,36109,bdussy70@google.de,jhY1FGXf0DJh
796-34-9073,Garold,Male,131345,9770,Merchant,Seymour,IN,47274,giggalden4n@mac.com,Jdf0QFInp5
798-08-7406,Arabella,Female,209125,9,Main,Dundalk,MD,21222,cgreser71@purevolume.com,K8J4xyZ9
798-60-2149,Ingeborg,Female,143645,13831,AutumnLeaf,GroveCity,OH,43123,nmarkwelley3q@sourceforge.net,jRPj9Tp9
800-53-4228,Zebadiah,Male,181842,1,ValleyEdge,RockyMount,NC,27804,rdublin3g@gizmodo.com,LomSnR9L3fW
804-92-9014,Garwin,Male,186891,4,Memorial,Conway,SC,29526,bcanellas9k@last.fm,ZwWyHiIvmG8W
806-35-2585,Palmer,Male,156949,37597,Grim,Xenia,OH,45385,lbeltzner2h@altervista.org,9mZOOKqUG63v
806-35-4261,Aurelie,Female,192070,107,Fallview,Durham,NC,27703,kcordeiro9l@amazon.co.uk,9QwIAgXIT
809-08-2885,Faulkner,Male,37263,611,ForestRun,GroveCity,OH,43123,bhadcroft34@istockphoto.com,wLl0pV7
809-58-0326,Gasper,Male,117779,0,Gale,Dundalk,MD,21222,aiskowera9@wisc.edu,JKQKJqPHTJ
810-99-5972,Jere,Male,223440,7,Sheridan,RockyMount,NC,27804,mkinnock6g@twitter.com,TBRFi328Zr
813-82-2254,Donalt,Male,92506,43,Laurel,WestHempstead,NY,11552,mskirlingc@wikia.com,Ax7QKnb
814-76-6695,Rolfe,Male,119056,29,Mcguire,Lynn,MA,1902,jorum4o@tinyurl.com,ljnupn3
816-39-0128,Janetta,Female,134620,48,Bunting,Englewood,NJ,7631,ncisneros9i@nhs.uk,doROSNOR
820-76-6973,Tommie,Male,249446,85460,Darwin,Xenia,OH,45385,sdaniellis@histats.com,kdwO0Lih
821-12-4608,Port,Male,137470,32618,Porter,Hillsboro,OR,97124,lthunder11@ustream.tv,uYwCoU
823-15-5830,Lola,Female,245307,1,VillageGreen,ArlingtonHeights,IL,60004,cfraine0@wordpress.com,qbZ6YsN
824-17-4760,Dare,Male,161877,32786,Starling,Muskego,WI,53150,brichter6f@opera.com,fS1IBJ2
825-55-5439,Eamon,Male,126541,290,Colorado,Muskego,WI,53150,alahiffao@csmonitor.com,lapS2yKEM2Ah
829-25-5282,Mattheus,Male,243969,27,Esker,Hillsboro,OR,97124,nfolbig3v@alibaba.com,bcBbN8
829-33-0991,Lazare,Male,40473,45626,WeepingBirch,Dundalk,MD,21222,gwitcomb4w@istockphoto.com,RGHMB8jHz
829-72-5694,Aleksandr,Male,174908,25771,Glendale,Zionsville,IN,46077,lkohlerman76@blogger.com,O8j7fl
830-53-0233,Dorolice,Female,34823,5,Morrow,RockyMount,NC,27804,rwhiffin5o@webs.com,nkNJAXfG64
832-13-6211,Shina,Female,154709,8808,Hooker,ArlingtonHeights,IL,60004,gcota9r@usda.gov,WyewHvwJvlgT
834-41-7706,Alicea,Female,154237,60,Monica,WestHempstead,NY,11552,jcaulfield6t@typepad.com,1GMgP4K
841-80-6650,Osbourne,Male,212391,189,MapleWood,Xenia,OH,45385,nfallonb2@hostgator.com,GhHluMNBJ9L
844-03-2684,Dael,Male,226959,53,Moland,Dundalk,MD,21222,sbohey8@state.gov,6SBJFX7
846-62-3148,Mona,Female,223348,7222,RidgeOak,Xenia,OH,45385,bherculeson5r@xrea.com,X4HtElj
847-45-9028,Gunther,Male,87999,371,Vera,Conway,SC,29526,pburth4l@ed.gov,rdqckLmD
848-72-3483,Ruy,Male,219485,22065,Sutteridge,WestHempstead,NY,11552,cdzenisenka61@imageshack.us,2yUtrrwCUe
854-77-7229,Elvera,Female,22135,2,MeadowVale,Hillsboro,OR,97124,dzealander1k@engadget.com,rcwU2x0TjmML
858-77-7657,Orren,Male,240213,90262,Scott,ArlingtonHeights,IL,60004,bgoddard29@house.gov,B5X3BfQdt
859-92-5361,Deidre,Female,179907,310,BriarCrest,RockyMount,NC,27804,lburstow1x@google.cn,gY6ncf
860-10-6300,Graham,Male,185339,58199,LakewoodGardens,Xenia,OH,45385,acartwright8j@tuttocitta.it,YFuz8Da
865-23-2481,Annamarie,Female,148065,71881,Vidon,Loxahatchee,FL,33470,icroci6u@webs.com,LKWqzjc
868-56-7632,Sonia,Female,76076,53,PrairieRose,WestHempstead,NY,11552,jbrailsford3i@si.edu,FMsT49
871-93-9627,Elysia,Female,194236,2328,Novick,Anaheim,CA,92806,fsharram9p@theguardian.com,dwMoOXXCw
873-53-2579,Granger,Male,77211,8159,Paget,Durham,NC,27703,egustus8b@google.es,aTEblv
874-15-8656,Earlie,Male,227831,81043,Acker,GrandForks,ND,58201,gpink7v@joomla.org,xHmLiILlV
875-35-8502,Murvyn,Male,32168,360,Waywood,Xenia,OH,45385,akalischz@zimbio.com,GBWoEUJd
877-08-6560,Raviv,Male,25574,2,Mendota,Hillsboro,OR,97124,hszymanowicz52@prlog.org,p2qf1TqzAe
878-53-3957,Abbie,Female,127012,72938,Hintze,Lynn,MA,1902,wgoolyah@un.org,TlSDcK
879-41-6983,Gil,Male,130133,60,Tennessee,Conway,SC,29526,bbrasteads@furl.net,K6Ib3qpTYZLm
879-49-6060,Karmen,Female,120151,94,Reinke,Elgin,IL,60120,tmacginney4d@nhs.uk,xj2aoY7J
880-06-6115,Gaylene,Female,67874,2,Summerview,Dundalk,MD,21222,nharbord6x@ask.com,SIQIDLyESq
881-36-7084,Norton,Male,37386,0,Kenwood,Elgin,IL,60120,gspata1n@sourceforge.net,K34AktYG2
885-76-4703,Chucho,Male,119324,79318,Artisan,Conway,SC,29526,bodonoghue1y@tinypic.com,4oIVPL
885-80-8593,Edith,Female,177880,437,Chinook,GrandForks,ND,58201,ldarlasson6j@amazon.com,GUXU99
886-27-3033,Garold,Male,87840,72,RonaldRegan,Montgomery,AL,36109,cmclarnon25@bbc.co.uk,bHy6glsBiSo0
887-03-7345,Camille,Female,192453,71,Rigney,Lynn,MA,1902,latherleyx@businessweek.com,ih5MObiJEQJ
887-52-8491,Arliene,Female,180848,2,RedCloud,Lynn,MA,1902,brenzo9v@gravatar.com,7thiiuvw2oe
887-61-2479,Shawnee,Female,238136,738,Dennis,WestHempstead,NY,11552,cbuddleighv@theatlantic.com,mjRFzQHWZC
887-68-5489,Brod,Male,38598,360,Express,Xenia,OH,45385,rfernihoughb3@sfgate.com,O5J8XNM6JNDp
891-39-1921,Mohandis,Male,221630,75408,Anthes,GroveCity,OH,43123,pshakespeared@imgur.com,9ulgUOYV
893-37-4359,Colver,Male,67010,752,Fordem,Elgin,IL,60120,jkonzel8i@yale.edu,2BlogVxpJEHg
895-45-0672,Velvet,Female,218020,28618,Waywood,Dundalk,MD,21222,lilyenko5q@google.co.uk,Is56pByscej
898-42-8085,Mikol,Male,234765,61,Tomscot,Xenia,OH,45385,hbritcher7z@xinhuanet.com,o3wh1gThI3
898-89-0714,Sybilla,Female,62791,7866,Fieldstone,Elgin,IL,60120,phasser9u@shop-pro.jp,KRgD5wd1N
901-06-1133,Niels,Male,164029,29,Evergreen,Muskego,WI,53150,agodsell23@issuu.com,6Q17qL
911-90-8935,Mata,Male,145125,766,Lerdahl,Muskego,WI,53150,bspinks2q@craigslist.org,nxhIXKDHW
949-07-4154,Aleece,Female,157576,1,Springs,Loxahatchee,FL,33470,ssmeeton2a@bing.com,45LIv1XQrxN
953-80-9891,Eada,Female,22574,8599,Hansons,RockyMount,NC,27804,nstuddersy@hhs.gov,Ax7QKnb
974-25-8944,Wilona,Female,47083,52,Thierer,Newnan,GA,30263,csterte2n@engadget.com,00QK4PogH5M
983-46-8942,Alvis,Male,145988,0,DiLoreto,GrandForks,ND,58201,bninnoliu@fotki.com,dctn5B4aw
992-41-6402,Marlin,Male,88284,7,LakewoodGardens,Montgomery,AL,36109,liacoviello2k@fema.gov,o3wh1gThI3
997-32-0880,Wallache,Male,52531,5574,Menomonie,Montgomery,AL,36109,ooliddy1y@ning.com,GouX0Y7xW
