164x7ftifwa2c9w4x,Subaru,Legacy,Subaru,2007,V6,Mauv,Manual,RWD,31022,147844
129je33c7ggsdkozd,Mercedes-Benz,SL-Class,Daimler AG,1990,V8,Green,Manual,AWD,12035,30909
128zahzofhbnpm4xf,Jeep,Grand Cherokee,Chrysler†,1993,V8,Fuscia,Automatic,4WD,34927,65659
11rrs4l1map186yts,Lincoln,Blackwood,GM,2003,V6,Khaki,Automatic,FWD,9045,27228
10b0sp52zxug34i0t,Audi,S4,Volkswagen†,2001,4-cylinder,Teal,Automatic,RWD,27483,100537
0xtunc1fpokmwxywt,Chevrolet,G-Series 1500,GM,1998,4-cylinder,Pink,Automatic,4WD,23096,89714
0x58a5fq6xsecs5c0,Nissan,Xterra,Nissan,2005,V8,Yellow,Manual,RWD,12536,58549
0ve619i66mxvxkmfl,GMC,Yukon,GM,2000,V6,Green,Manual,FWD,45756,197492
0u37hd9uqxoiyff5i,Lexus,GX,Toyota,2007,V6,Violet,Manual,RWD,40818,165060
0tewmyx3t9ayrmh74,Kia,Optima,Kia,2006,4-cylinder,Yellow,Automatic,AWD,49029,157273
0rcwm2oqt9o4s1n5s,Chevrolet,Equinox,GM,2005,V8,Violet,Automatic,AWD,23209,126487
0q6mqk7nkchsx7trx,Saturn,VUE,GM,2006,V6,Blue,Automatic,FWD,36701,88524
0pxzoyyq3q6zozgi7,Ford,Escort,Ford,2004,4-cylinder,Khaki,Manual,FWD,21215,40282
0k6d8rlbpgy1am3b4,Ford,Taurus X,Ford,2009,4-cylinder,Yellow,Automatic,FWD,18436,68504
0j1wb2xmoosh7yh9x,Lexus,IS,Toyota,2012,V8,Aquamarine,Automatic,FWD,46733,54492
0iidhum23zbrx7v1a,Mercedes-Benz,C-Class,Daimler AG,1994,V6,Maroon,Automatic,AWD,45452,170825
0idzvxilav06ykcjz,Mitsubishi,Cordia,Mitsubishi,1987,V8,Goldenrod,Automatic,RWD,28404,162792
0id3dkqb47moy1n2n,Oldsmobile,Silhouette,GM,1997,V8,Turquoise,Manual,AWD,48384,196799
0heyjkjjxdwgt4jkv,Ferrari,612 Scaglietti,Ferrari,2008,4-cylinder,Violet,Manual,RWD,29545,127655
0ga17id2ndk97oyt0,Mitsubishi,RVR,Mitsubishi,1994,V6,Orange,Manual,AWD,48678,89111
0g1pags931ez523et,Ram,2500,Chrysler†,2011,4-cylinder,Fuscia,Automatic,AWD,13383,89295
0fk39cfp5e60k3c78,Hyundai,Accent,Hyundai,1999,V6,Maroon,Manual,RWD,13764,138003
0b9segx19zlrrzu58,Jeep,Liberty,Chrysler†,2008,4-cylinder,Blue,Manual,FWD,45108,9807
08mxjv1loww61qc3j,Dodge,Caravan,Chrysler,1996,V6,Blue,Manual,RWD,34067,2978
08l00gygdnvnn95um,Chrysler,Town & Country,Chrysler,2005,V6,Green,Manual,4WD,35996,128951
08exdjsvcuvgetmmm,Acura,RL,Honda,2009,V6,Green,Automatic,RWD,11695,19926
06kca1us57nrg5js1,BMW,7 Series,Rolls-Royce,2007,4-cylinder,Blue,Manual,4WD,19788,75059
03vagelkrv4rch8ms,Nissan,370Z,Nissan,2010,4-cylinder,Green,Automatic,AWD,29640,100277
03rzalxlxwlh71emo,Ford,Ranger,Ford,2004,V6,Red,Manual,RWD,20138,35666
02ptea9or9loxufuq,Porsche,Cayman,Porsche,2006,4-cylinder,Green,Automatic,FWD,19740,93117
0293nuo7p7b4ahyln,Chevrolet,Camaro,GM,2010,V8,Red,Automatic,RWD,31057,121667
021yxuf4ftds677nn,Mitsubishi,Outlander,Mitsubishi,2011,V6,Fuscia,Automatic,AWD,47375,77297
01rtaj9u9reuasazg,Cadillac,CTS,GM,2011,V8,Goldenrod,Automatic,AWD,18520,76199
zwc8eu2gi9495jh2s,Chrysler,Town & Country,Chrysler,2010,V8,Blue,Manual,FWD,17473,115843
zvdz422w3zqnplrsf,GMC,Safari,GM,2003,V6,Orange,Automatic,4WD,27383,83275
zsy7yxafbunm0af5a,Dodge,Charger,Chrysler,1970,V8,Red,Automatic,FWD,19337,184777
zopimxohkmqqwuj1c,Ram,C/V,Chrysler†,2012,V8,Yellow,Manual,4WD,15017,74011
zoco057jd9o80e607,Audi,S4,Volkswagen†,2006,V6,Turquoise,Manual,RWD,27910,166983
znjsup6we844sbifb,Chevrolet,Lumina,GM,1996,V6,Fuscia,Automatic,4WD,40258,180668
zlaxxhwoho5z0z5es,Oldsmobile,Cutlass Supreme,GM,1995,V6,Puce,Automatic,4WD,11971,86338
zkl7m5su03ap4ibi0,Volkswagen,Golf,Volkswagen,1999,V6,Goldenrod,Automatic,AWD,38385,145915
zhyym8wb8n1byhcl7,Ford,E-Series,Ford,2011,V6,Fuscia,Manual,FWD,22468,48196
zg9ef9wpfyzk83ly0,Toyota,TundraMax,Toyota,2007,V8,Mauv,Automatic,FWD,48387,124625
zdpr6nawdevlksg36,GMC,Vandura 3500,GM,1992,4-cylinder,Red,Manual,AWD,13977,107446
zcgp3uwagfswp93s2,Hyundai,Santa Fe,Hyundai,2009,V6,Aquamarine,Automatic,RWD,38007,52397
zbh1ghbrktxwqhw46,Mazda,Mazda3,Mazda,2004,4-cylinder,Khaki,Automatic,RWD,19291,162439
zathytcz9ymsdrjfx,Mercury,Mystique,Ford,1999,4-cylinder,Crimson,Manual,AWD,26824,11308
zaa1h63o08u14gnxk,Audi,100,Volkswagen†,1993,V6,Crimson,Manual,4WD,40983,30445
z932cbiddpeetobn4,Mercedes-Benz,SLK-Class,Daimler AG,2005,V6,Indigo,Manual,FWD,48497,12591
z8lskwwaanuphkoo7,Toyota,Tundra,Toyota,2000,4-cylinder,Yellow,Manual,4WD,28033,127135
z82n1dn6cou0pkxog,Honda,Prelude,Honda,2000,4-cylinder,Turquoise,Automatic,AWD,42225,10372
z49luv9pw33b48g0v,Audi,S6,Volkswagen†,2007,V6,Khaki,Manual,FWD,15236,7111
z49g2pydztao2tpjb,Nissan,350Z,Nissan,2004,V8,Maroon,Automatic,4WD,31735,27127
z3dcq7h3zyvn1afg4,Acura,CL,Honda,2003,V8,Turquoise,Automatic,FWD,26268,98470
z2tyjhbi81dq45iq5,Audi,S4,Volkswagen†,2002,4-cylinder,Goldenrod,Automatic,RWD,46629,19288
z2t41djn9kqapyxr2,Volvo,850,Volkswagen,1996,4-cylinder,Pink,Manual,4WD,18334,65013
yzabdadm7c1142h2l,Ford,Windstar,Ford,1996,4-cylinder,Turquoise,Automatic,4WD,5663,129554
yx2qi3arhu4zwp4cx,GMC,Jimmy,GM,1999,4-cylinder,Goldenrod,Automatic,RWD,12413,116470
ywfbxg77a1opfyg5l,BMW,Z4 M,Rolls-Royce,2007,4-cylinder,Orange,Manual,AWD,9139,195589
ywetrbtwufp2nwkz6,Honda,Pilot,Honda,2006,V8,Khaki,Manual,AWD,31433,187214
ytbd3czozi0mxk9dp,Mazda,Millenia,Mazda,1997,V6,Blue,Automatic,4WD,11387,98546
yp0msva7tta4h7p6n,Porsche,Cayman,Porsche,2010,4-cylinder,Fuscia,Manual,4WD,49437,154829
yn05lkw13stea219j,Nissan,300ZX,Nissan,1993,V6,Crimson,Manual,RWD,39922,188160
ymepa3bsoo9r00khz,Cadillac,SRX,GM,2005,V6,Yellow,Manual,4WD,15468,33594
ylaawarai12myclzg,Audi,Coupe Quattro,Volkswagen†,1991,V6,Indigo,Manual,4WD,10538,114486
yknl2au38cyfkvyq8,Pontiac,GTO,GM,2005,V8,Red,Manual,RWD,19451,53633
yju3yaw905ub53o3j,Subaru,B9 Tribeca,Subaru,2006,V8,Aquamarine,Manual,AWD,40661,131500
yi02qjkzjg4bld189,Volkswagen,Golf,Volkswagen,1986,4-cylinder,Pink,Manual,FWD,42169,6825
yfy9fwflv4g71i0i4,Oldsmobile,Aurora,GM,1999,V8,Teal,Manual,4WD,32814,131765
yew7bbqmzknb0bbik,Honda,CR-X,Honda,1984,V8,Goldenrod,Automatic,AWD,23181,180341
yes7do9caxodiw7h1,Ford,E-Series,Ford,2008,V8,Teal,Manual,AWD,21838,80167
yed25hdvpzl0obbl9,Pontiac,Grand Am,GM,1997,V8,Green,Automatic,FWD,34636,189956
yb049kykggecot0me,Suzuki,Verona,Suzuki,2005,V8,Khaki,Automatic,4WD,41609,125572
yadjbnqaix62leghb,Chevrolet,Sportvan G20,GM,1993,4-cylinder,Fuscia,Automatic,AWD,16500,13004
y98kfo8idx8ya6b37,Ford,Explorer,Ford,2009,4-cylinder,Yellow,Automatic,4WD,16217,93338
y6zr094zr32429tjw,Dodge,Caravan,Chrysler,1998,V6,Crimson,Manual,RWD,15372,128355
y6bmvs56q0m70juj3,Lexus,RX,Toyota,2002,4-cylinder,Indigo,Automatic,AWD,12403,59054
y65kpt0hs9958n91b,Saab,900,Saab,1997,V6,Crimson,Automatic,FWD,44957,29590
y652qnl8q89zw065u,Toyota,Sienna,Toyota,2000,V8,Aquamarine,Manual,FWD,29877,70900
y5x2l5crv37r6pbu0,Hummer,H2 SUT,GM,2006,4-cylinder,Turquoise,Automatic,FWD,21720,121776
y5dy77lyofqvdzs2a,Mercury,Topaz,Ford,1984,V6,Khaki,Manual,4WD,44242,176805
y58qyfq3opvdgetw2,Acura,TL,Honda,2006,4-cylinder,Red,Automatic,FWD,6274,28050
y4tjefycnwvaejiaa,Honda,Insight,Honda,2000,V6,Fuscia,Automatic,4WD,30703,50234
y3esrh0mnefo6j3aj,Dodge,Ram 1500,Chrysler,1996,4-cylinder,Orange,Automatic,AWD,25356,196561
y39bymk1b4quj9ouf,Acura,RL,Honda,2011,V8,Violet,Manual,AWD,18175,130052
xyi4ux0owsh8jugqo,Volvo,S60,Volkswagen,2001,V8,Fuscia,Automatic,FWD,14997,119720
xxub8sqwdyqk8ya3y,Saturn,VUE,GM,2007,4-cylinder,Yellow,Manual,RWD,16195,44343
xwqj2701au1tehz5m,Saab,900,Saab,1998,V8,Green,Automatic,FWD,42038,11958
xvyn5pcimuzoasqs1,Volkswagen,Fox,Volkswagen,1990,V6,Orange,Automatic,AWD,32616,102245
xvsetdglfeebz716s,Dodge,Avenger,Chrysler,1998,4-cylinder,Pink,Manual,4WD,31181,91983
xvs7ryfyr82s4hnpw,Mitsubishi,Lancer,Mitsubishi,2004,V6,Puce,Manual,FWD,12766,118133
xuytmzvf7ka7abcrs,Mazda,RX-8,Mazda,2004,V8,Mauv,Automatic,4WD,29376,67461
xurpcjdkhcxms41zd,Toyota,Avalon,Toyota,2008,V6,Purple,Manual,FWD,9757,115724
xtymh9vxv05dqgswj,Honda,Civic,Honda,2006,V8,Purple,Manual,AWD,8939,75522
xsp9aimnc3lr4ucfh,Mercedes-Benz,R-Class,Daimler AG,2010,4-cylinder,Yellow,Automatic,RWD,49194,185670
xqgf9vwtu82eav9cw,Nissan,Maxima,Nissan,1999,V6,Mauv,Manual,AWD,12330,79259
xpk7g2dmlex4vyvl9,Ford,Mustang,Ford,2010,V6,Teal,Manual,FWD,47270,83537
xlxmf74pejla5w4r6,Lotus,Elan,Lotus,1993,V8,Turquoise,Manual,RWD,5394,76646
xi6rpn8sirtc4ibf3,Chevrolet,Aveo,GM,2011,4-cylinder,Maroon,Manual,RWD,15690,109101
xf8kxvjzll33uihyu,Subaru,Legacy,Subaru,2012,V8,Goldenrod,Automatic,4WD,32068,28491
xf44vqylfltz0g1g1,Dodge,Caravan,Chrysler,2009,4-cylinder,Green,Manual,FWD,9961,178178
xdat6wh8c9ln6di6q,Chevrolet,2500,GM,1993,V6,Violet,Automatic,AWD,42079,24178
xcvrr6agd92vx3cun,Jeep,Grand Cherokee,Chrysler†,2006,V6,Turquoise,Automatic,4WD,24147,161773
xcsn3jraggylenj73,Land Rover,Freelander,Land Rover,2010,4-cylinder,Maroon,Manual,4WD,36063,22381
xcovmge5xa4fe8h3i,Mazda,Mazda5,Mazda,2006,V6,Indigo,Automatic,FWD,28104,107172
xckayp02mcyfxd1rz,Chevrolet,Silverado 3500,GM,2011,V6,Mauv,Automatic,AWD,32604,198593
xc6i4v1y4jbgw6uge,Austin,Mini Cooper,BMC,1964,V6,Crimson,Automatic,FWD,24996,80899
xayrn9du65iq5ylwb,BMW,5 Series,Rolls-Royce,2007,4-cylinder,Blue,Automatic,RWD,25301,42304
x9zlwrth1mveknqr6,Mitsubishi,Excel,Mitsubishi,1987,V8,Khaki,Automatic,RWD,9881,116422
x9y6mxt7k5ubl79d7,Chevrolet,TrailBlazer,GM,2009,V8,Maroon,Manual,FWD,26042,89905
x7xhso81ys0wp7loo,Volkswagen,Jetta,Volkswagen,2006,V6,Aquamarine,Automatic,AWD,20203,107790
x4zzkeidjjhk97f31,Buick,Somerset,GM,1987,V8,Yellow,Manual,RWD,23338,31372
x106ek0p01q7wnovm,Dodge,Ram 1500,Chrysler,2005,4-cylinder,Purple,Manual,AWD,44607,165023
x0mfet7ut95kod4ql,Dodge,Caravan,Chrysler,2008,V6,Yellow,Manual,4WD,13825,72150
x06tb08de3m4fr8gb,Chevrolet,Impala,GM,2011,4-cylinder,Teal,Automatic,AWD,48394,107186
wzd1l6wx8tmidyhh7,Mercedes-Benz,300SE,Daimler AG,1993,V6,Orange,Manual,FWD,37117,61608
wyj8cyyoc7e7amrgh,Toyota,Prius,Toyota,2010,4-cylinder,Goldenrod,Manual,4WD,31821,184984
wyhluita56byg4789,Mercedes-Benz,SLK-Class,Daimler AG,2006,4-cylinder,Mauv,Manual,AWD,34839,65589
wxpdj4696urmmo7cb,Ford,Crown Victoria,Ford,1998,V6,Purple,Manual,RWD,34052,140302
wwoh7h6uuzhljgnz8,Mazda,Protege5,Mazda,2002,4-cylinder,Fuscia,Automatic,FWD,26765,87821
wwmno1ukm859qcasg,Scion,tC,Toyota,2006,V6,Teal,Manual,RWD,19479,94773
wwa7fm6mvxf2z3e6j,Hyundai,Entourage,Hyundai,2008,V8,Red,Automatic,AWD,6197,111214
wtcjowxjphft025cq,Mazda,Navajo,Mazda,1992,V6,Blue,Automatic,RWD,24588,84894
wr3tkf2zf68mjc3yy,Saturn,VUE,GM,2005,4-cylinder,Fuscia,Automatic,AWD,13144,177209
wp40e1i4x4sf834tc,Chevrolet,Express 3500,GM,1998,4-cylinder,Yellow,Manual,FWD,8825,44645
wm40skxkgfiv0yw1t,Mazda,Mazda6 Sport,Mazda,2006,V6,Teal,Automatic,RWD,34212,157767
wm113s9dh7986d31u,Toyota,Camry,Toyota,1997,V8,Puce,Manual,AWD,42699,150294
wkxlh5hzhpty894lr,Mercedes-Benz,CLK-Class,Daimler AG,2009,V6,Maroon,Automatic,RWD,44584,196547
wki8y5etzja6dlx99,Ford,Thunderbird,Ford,1990,4-cylinder,Orange,Automatic,FWD,22067,96297
wj101eudab5ho5qp0,BMW,1 Series,Rolls-Royce,2011,V6,Blue,Automatic,4WD,18924,155337
whf02p547p98b28xy,Hyundai,Sonata,Hyundai,1999,4-cylinder,Pink,Automatic,RWD,17604,93297
wgoniljkfspzmq19s,Mercedes-Benz,CLK-Class,Daimler AG,2008,4-cylinder,Mauv,Manual,FWD,27497,184081
wg8oqu9q1rghguni9,Mazda,MX-6,Mazda,1994,V8,Blue,Automatic,FWD,17945,28723
wfm8zijyochvlvazx,Ford,Taurus,Ford,1998,4-cylinder,Goldenrod,Manual,RWD,14682,156604
weyfvknrk3y44a1rl,Volvo,C70,Volkswagen,2001,V6,Goldenrod,Automatic,4WD,23767,116654
weujf1zz197d236a9,Dodge,Charger,Chrysler,2010,V8,Maroon,Automatic,4WD,47764,68933
wdldod26uw6egym52,Subaru,Impreza WRX,Subaru,2011,V6,Aquamarine,Manual,AWD,9648,22812
wc7vg362wlcnmnroy,Mercury,Tracer,Ford,1994,4-cylinder,Orange,Manual,AWD,15673,76290
wbrz1itcsqh42sd5c,GMC,Jimmy,GM,1995,V8,Crimson,Manual,RWD,34475,56602
wbj9vbz73zc1j52w2,GMC,Savana,GM,2012,V8,Puce,Manual,FWD,44838,151789
waa3qdvbe9uvz189l,Mercedes-Benz,S-Class,Daimler AG,2002,V6,Violet,Automatic,RWD,20322,166892
wa16031wi94gke0no,Chevrolet,Corvette,GM,1966,4-cylinder,Turquoise,Manual,RWD,16871,72546
wa0i4dq0qjlhh1k1n,Suzuki,Sidekick,Suzuki,1992,4-cylinder,Puce,Manual,4WD,7789,32119
w837jrndvdc3g23jo,Chevrolet,Monte Carlo,GM,2004,V8,Blue,Automatic,4WD,9292,84799
w5s6ep777kd23cy7z,Nissan,350Z,Nissan,2004,V8,Maroon,Manual,4WD,7095,139512
w3c4054o4xlkiuzrp,Nissan,Altima,Nissan,1995,4-cylinder,Khaki,Automatic,RWD,27700,21893
w2sofo6d3ht8rosg0,Nissan,240SX,Nissan,1997,4-cylinder,Teal,Automatic,RWD,39355,99559
w1ukikxojjx2o4do0,Audi,A6,Volkswagen†,2000,V8,Mauv,Manual,AWD,9570,155715
w0mwlfeoshwluped0,Audi,A6,Volkswagen†,2007,V8,Pink,Automatic,RWD,38491,148012
vzpk9bjmu3g5yrx2u,Lexus,IS F,Toyota,2011,V6,Indigo,Manual,AWD,49072,62618
vzj5xrpferco7tgvx,Ford,F150,Ford,1995,V6,Violet,Automatic,AWD,8845,109270
vy6gdbev6yicrlvsv,Mercedes-Benz,SLR McLaren,Daimler AG,2006,V8,Aquamarine,Automatic,4WD,13674,125067
vxaf66wxhrtbe8oqo,Chevrolet,G-Series G10,GM,1993,V8,Puce,Manual,FWD,43647,144112
vv6ysn448qvtnq3km,Hyundai,Santa Fe,Hyundai,2009,4-cylinder,Fuscia,Manual,FWD,27362,40943
vum0q2haxexp80bd2,Mazda,Familia,Mazda,1992,V6,Khaki,Manual,RWD,44994,170364
vu7pr1l2p8yflxeui,Pontiac,Grand Am,GM,2004,V8,Purple,Manual,RWD,22981,171109
vqs4uywmqlxy3is29,Ford,EXP,Ford,1988,V8,Crimson,Manual,FWD,45325,100812
vp79b2e8o6mjcn9um,Mitsubishi,Cordia,Mitsubishi,1984,V6,Blue,Manual,RWD,19889,165881
vmtkqnanqwnel72zx,Nissan,240SX,Nissan,1993,V8,Mauv,Manual,RWD,23693,199742
vix9p4eqr1rrq1osf,Nissan,240SX,Nissan,1996,V6,Puce,Automatic,RWD,5772,34351
vi1n8whomgjz5sw9o,Kia,Sportage,Kia,2000,4-cylinder,Green,Manual,FWD,6274,61414
vhuwynplmmwzrppny,Volvo,XC70,Volkswagen,2004,V8,Turquoise,Manual,AWD,19053,6464
vhpjpdjjtc2mt479c,Mercedes-Benz,SL-Class,Daimler AG,2012,4-cylinder,Purple,Manual,4WD,5493,155679
vhi8tkcjo61ppfd5e,Maserati,Spyder,Maserati,2003,4-cylinder,Yellow,Manual,AWD,48481,177097
vg8hll9o14ok9gobk,Chevrolet,Colorado,GM,2004,4-cylinder,Aquamarine,Automatic,4WD,24212,119837
vftbuea0amh4xzir2,Nissan,Pathfinder,Nissan,2005,V8,Mauv,Manual,4WD,20951,171956
veyizu1hlkbk43trn,Dodge,Grand Caravan,Chrysler,2002,V8,Blue,Manual,AWD,10451,41916
vddra78j2q462eub7,Chevrolet,Suburban,GM,2006,V6,Aquamarine,Automatic,AWD,42868,120196
vd6x0zxxh1a6p0tj0,GMC,Acadia,GM,2012,V6,Turquoise,Manual,AWD,44281,15952
vbxagzn5a1en5wb30,GMC,1500,GM,1997,V8,Purple,Automatic,RWD,33143,135593
vbuuax3rbsa08b9mm,Dodge,Charger,Chrysler,2006,4-cylinder,Fuscia,Automatic,AWD,25884,48092
va2lwbgne6btetkrv,Toyota,MR2,Toyota,2003,V6,Violet,Automatic,4WD,26352,30285
v4arpqn25430fhs4b,Pontiac,Firefly,GM,1992,V6,Puce,Automatic,RWD,44811,31371
v3the12mg0n11nhzw,Infiniti,Q,Nissan,1995,4-cylinder,Aquamarine,Manual,RWD,24028,7442
v0fa8f2napp1ln7dp,Mazda,Familia,Mazda,1992,V8,Fuscia,Automatic,4WD,41606,123377
uvtyie9p6txagw5zh,Chevrolet,Sportvan G20,GM,1994,4-cylinder,Indigo,Automatic,4WD,34632,151754
uv7e0taqlgxxd0te2,Lamborghini,Diablo,Lamborghini,1990,V8,Pink,Manual,RWD,46850,179832
ut6jzkjafoewp1odg,Mitsubishi,Mirage,Mitsubishi,2002,V6,Mauv,Manual,RWD,35208,35245
ut4m7m6zq3gs26tqt,Lexus,HS,Toyota,2010,V6,Indigo,Manual,FWD,43416,81898
ustzdz838e3smnnie,Buick,Lucerne,GM,2006,V8,Goldenrod,Automatic,4WD,34888,192872
urw5k5fkvk9jj5gzf,Volkswagen,Eurovan,Volkswagen,1999,4-cylinder,Yellow,Automatic,AWD,43324,61402
urb2jrfaajbzy88x3,Jaguar,XJ,Land Rover,2006,4-cylinder,Puce,Manual,AWD,25290,25958
ur6y8hmiysb80jcpv,Mitsubishi,Challenger,Mitsubishi,2000,V6,Maroon,Automatic,AWD,29628,143932
ur6ixr6d37nyof7b8,Oldsmobile,Intrigue,GM,2000,V6,Indigo,Manual,AWD,28089,59674
uq58tfurct0bhr10r,Eagle,Talon,Chrysler,1997,V6,Khaki,Manual,RWD,17594,70563
upckv53kobebqycbh,Audi,S4,Volkswagen†,2000,V6,Turquoise,Automatic,4WD,49268,151179
uokq85qlnwiabgshm,Mercury,Grand Marquis,Ford,2009,V8,Khaki,Automatic,AWD,14729,123258
uncipgt453fihg0b7,Chevrolet,Suburban 2500,GM,2009,4-cylinder,Yellow,Manual,AWD,42421,140914
um0obym5fsnbar86v,Saab,3-Sep,Saab,2003,4-cylinder,Crimson,Manual,RWD,40481,79184
ujidmqh9t40qwiwqa,Pontiac,6000,GM,1991,V6,Red,Manual,RWD,14487,188556
ujdrnk0j42mpey312,Audi,Quattro,Volkswagen†,1992,4-cylinder,Orange,Manual,AWD,6622,2527
uh1ovk8t8wnoci7wt,Honda,Accord,Honda,2002,V8,Fuscia,Automatic,FWD,48475,140787
ugkcposu7k52y65h4,Cadillac,STS,GM,2005,V6,Khaki,Manual,RWD,20558,105897
u84em80tnrwxp62ks,Mazda,Tribute,Mazda,2008,V6,Goldenrod,Automatic,RWD,9962,103350
u81e0n43s953jzdyd,Kia,Amanti,Kia,2004,V8,Fuscia,Manual,RWD,45113,62351
u6nn9b8eyz05845k8,Lamborghini,Murci√©lago,Lamborghini,2009,V6,Teal,Manual,4WD,17605,151363
u63w1x4whbjecgxes,Dodge,Dakota,Chrysler,1994,V6,Orange,Automatic,FWD,23197,157317
u441bk95ayrd5z314,Audi,A6,Volkswagen†,1999,V8,Purple,Automatic,RWD,21114,165300
u37bjig5w3u4gok1h,Toyota,Land Cruiser,Toyota,2002,V6,Khaki,Automatic,RWD,15454,94912
u2n396uhx8jmid5st,Ford,Excursion,Ford,2003,V8,Orange,Manual,RWD,11553,62694
u0575pvqbu7nune3b,Audi,S4,Volkswagen†,1992,V8,Goldenrod,Automatic,4WD,30319,49769
u04kyivrjix8ugijj,Acura,RSX,Honda,2003,V6,Violet,Manual,4WD,24399,188954
txdoev5do6laz1web,Mazda,MX-5,Mazda,1997,4-cylinder,Crimson,Manual,4WD,23853,54144
tvw5c4cc4qftzv78j,Toyota,Sequoia,Toyota,2001,4-cylinder,Crimson,Automatic,FWD,30192,85125
tvi555yggwktpk40h,Ford,Thunderbird,Ford,1984,V6,Maroon,Manual,FWD,15221,170682
trhpkamiiw25pjbtw,Isuzu,i-350,Isuzu,2006,V6,Turquoise,Manual,AWD,18399,61326
trameockoqu8g5l2u,Kia,Sephia,Kia,1994,V8,Fuscia,Manual,AWD,42629,29656
tpt2bjz9bcxuiozu5,Nissan,Altima,Nissan,1993,4-cylinder,Aquamarine,Manual,RWD,40134,167037
tpcritsfo28qc8s2z,Ford,Aerostar,Ford,1988,4-cylinder,Blue,Automatic,FWD,49410,170783
tp85elrx0trba9fci,Nissan,Sentra,Nissan,2006,V6,Purple,Automatic,FWD,31795,31799
tol1o57648k5k92xw,Subaru,Outback,Subaru,2002,4-cylinder,Pink,Manual,4WD,40005,34284
tlb95lqnm9anmqa9t,Jaguar,S-Type,Land Rover,2003,4-cylinder,Pink,Manual,FWD,45225,1987
tl8cx86lzpguk2c1j,Jaguar,XK Series,Land Rover,2000,V6,Goldenrod,Automatic,FWD,10225,185686
tkpl53piuj7qqlkbp,Hyundai,Accent,Hyundai,2002,4-cylinder,Purple,Automatic,AWD,36095,20762
tkby6nlbpmn64gkou,BMW,M3,Rolls-Royce,2010,V6,Red,Manual,4WD,36728,193428
t9lfy2uw9p34e0nao,Mitsubishi,Galant,Mitsubishi,2000,4-cylinder,Violet,Automatic,RWD,8567,99582
t93qkxe45j7znbphe,Oldsmobile,Aurora,GM,1999,4-cylinder,Violet,Manual,AWD,47148,24239
t8s2d6v4ev7546ulc,Audi,A4,Volkswagen†,2005,4-cylinder,Red,Automatic,4WD,18703,34969
t88vbhxufqacldnai,Mazda,MX-6,Mazda,1994,V8,Pink,Automatic,4WD,45048,195454
t6x9lgg58icrq4fk5,Volvo,S80,Volkswagen,2006,V6,Green,Manual,FWD,24194,52447
t2jpeoghoc8ne56uc,Chevrolet,SSR,GM,2005,4-cylinder,Green,Manual,AWD,7246,95742
t1ns5tevva6qjdg6f,Honda,Civic,Honda,1990,4-cylinder,Goldenrod,Manual,RWD,39721,138130
t09u023nyib410761,Lincoln,Town Car,GM,1985,4-cylinder,Goldenrod,Automatic,RWD,8452,60372
t00okuun8jlxueg0w,Ford,Freestar,Ford,2004,4-cylinder,Mauv,Automatic,RWD,39834,83422
sv5x2e6k99z7bp2k4,Dodge,Grand Caravan,Chrysler,1995,V8,Mauv,Manual,4WD,5300,64136
stls6iazxliwf6kko,Lexus,HS,Toyota,2010,V8,Fuscia,Automatic,FWD,13290,129601
st6upn91qxy7e3zr0,Chrysler,Concorde,Chrysler,1995,V8,Maroon,Manual,4WD,34781,135900
st2242hlfgc53dsek,Mazda,Protege,Mazda,1996,V8,Maroon,Manual,4WD,17853,192109
srpzf4l0m4vcznfzj,Toyota,Camry,Toyota,2004,V6,Khaki,Automatic,FWD,37940,39189
srjimzhmymj1xcm1a,BMW,530,Rolls-Royce,2001,V6,Goldenrod,Manual,4WD,47019,39320
sr8zbsdqvjltj88fo,Bentley,Continental Flying Spur,BMC,2008,V6,Maroon,Manual,FWD,20775,12521
sqwlk1zfc031aba9h,Kia,Optima,Kia,2012,V8,Indigo,Automatic,FWD,18043,105558
sq7zztmczq10ceoud,Mercury,Lynx,Ford,1985,V8,Crimson,Manual,4WD,46756,16631
snd7bti37fz6c5c2o,Mazda,MX-3,Mazda,1995,V6,Blue,Automatic,AWD,36279,63714
sn84aajjdzdqmwull,Suzuki,Grand Vitara,Suzuki,2010,4-cylinder,Puce,Manual,AWD,20338,144386
smwi6gtxjfpf1gkej,Dodge,Ram 50,Chrysler,1992,V8,Green,Manual,AWD,35603,10513
sm1n7iduqtnvtoddv,Mazda,MX-6,Mazda,1991,V8,Indigo,Manual,RWD,31645,58049
sluwvtbqjk18i3p9m,Ford,Mustang,Ford,1979,V6,Blue,Manual,RWD,5878,75480
skhz4whe9ep7vz34c,Land Rover,LR2,Land Rover,2012,V8,Orange,Automatic,RWD,5649,197209
sh6jf4665vi78qxuo,Ford,Focus,Ford,2010,4-cylinder,Purple,Automatic,FWD,37466,23584
sgzoor5l2jam0vtgx,Infiniti,G,Nissan,2005,4-cylinder,Puce,Manual,4WD,43329,78567
sflrx8z4feyss6o7n,Honda,CR-V,Honda,2003,V6,Green,Manual,AWD,8918,159326
sfg1mgig18ztdfgtf,Mazda,MX-5,Mazda,2006,4-cylinder,Aquamarine,Manual,4WD,22838,26770
se15y9ybiw5l743cr,Ford,F250,Ford,2011,4-cylinder,Violet,Manual,4WD,23911,90812
sdp1ah74soxf0vvdq,Chrysler,Crossfire,Chrysler,2004,V6,Crimson,Manual,AWD,7496,183007
sdhlma1574t0if2fo,Toyota,Tundra,Toyota,2003,V6,Mauv,Manual,FWD,35429,7361
sdgzam17pstanushs,Jaguar,XK,Land Rover,2009,4-cylinder,Red,Automatic,AWD,27253,82019
scbvge3fi9kqqbo65,Mercedes-Benz,C-Class,Daimler AG,1993,V6,Purple,Manual,4WD,41980,81825
sbp77s60ec8g1t4gv,Acura,NSX,Honda,2003,4-cylinder,Blue,Automatic,FWD,41792,14301
sauikugxm1kjrb1ot,Nissan,Sentra,Nissan,2006,V8,Aquamarine,Manual,RWD,29983,97148
sargh8k97rp89h8yr,Cadillac,Eldorado,GM,1995,V6,Goldenrod,Automatic,FWD,48286,160734
sa99iowaa6yiur6p9,Mercedes-Benz,G-Class,Daimler AG,2002,4-cylinder,Maroon,Automatic,AWD,28432,54819
s5sg2qf2dnhhb0vl4,Chevrolet,G-Series G10,GM,1993,4-cylinder,Orange,Manual,4WD,24299,9041
s4fxy4gdvvlikkbgx,Infiniti,EX,Nissan,2009,4-cylinder,Aquamarine,Manual,AWD,26752,132862
s3alle3evx81xv3zx,Volkswagen,Jetta,Volkswagen,1985,V6,Yellow,Manual,RWD,42311,125362
s0bh96yut56wf7vgg,Subaru,Impreza WRX,Subaru,2011,4-cylinder,Maroon,Automatic,FWD,45143,102233
ryvdonpd379myj7pu,Jeep,Grand Cherokee,Chrysler†,2008,4-cylinder,Aquamarine,Manual,RWD,21202,38382
ryv55rktj3cnzteay,Oldsmobile,Achieva,GM,1997,V6,Mauv,Automatic,AWD,19648,36024
ryfvmhope6mwsu99r,Plymouth,Laser,GM,1992,4-cylinder,Pink,Automatic,AWD,23908,199749
rx5tiz34qxfi6e0ou,Toyota,Avalon,Toyota,1996,V8,Red,Manual,FWD,42784,165550
rvvbk1bmpkom6thxx,Honda,Accord,Honda,1994,4-cylinder,Khaki,Manual,4WD,37888,34146
ru01d7dzd96d01y1s,Suzuki,SJ 410,Suzuki,1986,V8,Crimson,Automatic,FWD,17079,48296
rtzm1jhjmjy1guo3g,Mitsubishi,Galant,Mitsubishi,2012,4-cylinder,Blue,Automatic,4WD,9618,42934
rp9nlg7c4et7hm9zm,BMW,X5,Rolls-Royce,2013,V8,Orange,Automatic,RWD,10407,136106
rmwummrpvn3w9h080,Mercury,Grand Marquis,Ford,1989,V6,Pink,Automatic,FWD,8728,190207
rm58uaqigdae9kt5w,GMC,Canyon,GM,2005,V6,Aquamarine,Automatic,FWD,31938,87397
rlnnqjggw1zqyyz5u,Mercedes-Benz,CLS-Class,Daimler AG,2012,4-cylinder,Goldenrod,Manual,RWD,42527,193080
rkc6sfebxj0mbuhxu,Mazda,Protege,Mazda,2003,V8,Orange,Automatic,RWD,32768,103651
rjbx65xycnfo8oaey,Volvo,S90,Volkswagen,1998,V8,Mauv,Manual,AWD,18837,93737
rgtkbfqbd1ockx0qq,Kia,Sportage,Kia,2007,4-cylinder,Khaki,Manual,FWD,29109,152390
rfssmrpai0sw6z5ga,Pontiac,G8,GM,2009,4-cylinder,Maroon,Manual,4WD,19074,56798
rf8oelilu4hznjtyt,Mitsubishi,Starion,Mitsubishi,1985,V6,Maroon,Automatic,4WD,47480,64943
re5jn894qhixkioeg,Mercury,Villager,Ford,1993,4-cylinder,Mauv,Manual,RWD,40749,47307
rck3cbacw419aw40b,Porsche,944,Porsche,1983,4-cylinder,Khaki,Manual,FWD,33962,190152
rc797vs7dp44c2ymg,Mercedes-Benz,SL-Class,Daimler AG,1992,V6,Pink,Manual,AWD,45584,6316
ramv7n3gnhbspgp7z,Kia,Sedona,Kia,2010,4-cylinder,Crimson,Automatic,AWD,27698,70352
r8fbk01tunlgm01r4,Lamborghini,Countach,Lamborghini,1990,V8,Indigo,Automatic,FWD,11644,139894
r7rq78xgpguqwt81z,Subaru,Impreza,Subaru,2012,4-cylinder,Puce,Manual,AWD,28598,67510
r6u2hvltcjzx9uxzi,Infiniti,G,Nissan,2004,4-cylinder,Purple,Manual,FWD,34711,167424
r6mq9n2xkzdilysyp,Isuzu,Axiom,Isuzu,2004,V8,Maroon,Manual,4WD,24244,73752
r6lbrqj2ibc5ziomw,Mercedes-Benz,M-Class,Daimler AG,2000,V6,Khaki,Manual,RWD,6500,69162
r5fntw5tzbs3m32lo,Nissan,Pathfinder,Nissan,1996,V8,Puce,Automatic,FWD,14534,115520
r38jl25c7gddlpzal,GMC,3500,GM,1992,V8,Khaki,Manual,AWD,45177,99622
r2nfcgeaeogutxub2,Honda,CR-V,Honda,2006,V8,Maroon,Manual,4WD,43324,196275
qzu172hxtwqf6rt5p,Dodge,Sprinter,Chrysler,2008,4-cylinder,Crimson,Automatic,FWD,18669,137445
qzi2adf6k7mesn6la,Pontiac,Firebird,GM,1999,4-cylinder,Maroon,Manual,FWD,43125,39034
qzht256m1vjj3b1t7,Mercedes-Benz,CLK-Class,Daimler AG,2005,4-cylinder,Purple,Automatic,4WD,45962,147828
qy4j6p3bpz2mtx7eo,GMC,Savana 2500,GM,2011,V6,Violet,Automatic,4WD,31597,27279
quzvlub3e6gdaghgi,Chevrolet,Express 3500,GM,2000,4-cylinder,Indigo,Automatic,FWD,44628,174084
qsji7ak5cndil16ex,Mazda,B-Series Plus,Mazda,2001,4-cylinder,Fuscia,Automatic,4WD,15707,89535
qrs9v66659t3888ur,Toyota,Corolla,Toyota,1995,V6,Pink,Manual,4WD,31707,168829
qrbajnahbvw6pgif2,Toyota,Avalon,Toyota,2010,V8,Violet,Automatic,4WD,30204,168440
qr89bv4tsnwyrvwes,BMW,5 Series,Rolls-Royce,2001,V6,Yellow,Automatic,AWD,20620,95169
qp3xlpz4ilou8j5mb,Nissan,300ZX,Nissan,1993,V6,Teal,Automatic,RWD,43168,58398
qnsfs0rkz68vbv7kd,Mercury,Marauder,Ford,2003,V6,Teal,Automatic,4WD,28848,190280
qlij3wgrunaogmasb,Suzuki,SJ,Suzuki,1991,V8,Fuscia,Manual,4WD,8412,125967
qi7tv7ysl8qfx83cn,Pontiac,Vibe,GM,2007,V6,Goldenrod,Manual,FWD,35531,29759
qeyp6lgfm927rcr74,Hyundai,Tucson,Hyundai,2012,V8,Red,Manual,RWD,17881,8941
qexkico0ybwjv7ioo,Chevrolet,Cavalier,GM,1995,V8,Crimson,Manual,4WD,13203,164154
qebqow2w7l52nss1x,Eagle,Talon,Chrysler,1994,V8,Aquamarine,Manual,FWD,42648,100412
qde38rri8fi03o43l,Pontiac,Parisienne,GM,1985,V8,Orange,Manual,RWD,39786,127347
qbvyxqcijfboa8o1u,Ford,Laser,Ford,1984,V6,Turquoise,Automatic,RWD,17424,187683
qb4pu9ddbymf9fhsl,Pontiac,Trans Sport,GM,1992,4-cylinder,Purple,Manual,RWD,42657,170133
q68x2lmrfuuly2bxz,Pontiac,Firefly,GM,1988,V6,Maroon,Automatic,RWD,17972,81930
q5rys7lga51wdmags,Toyota,Tacoma,Toyota,1996,V8,Purple,Manual,4WD,44138,112833
q4qpab2sk1vp2qj4c,Chevrolet,Lumina,GM,1993,V8,Violet,Manual,FWD,43363,127797
q4eshcydiu1itcnqh,Buick,Roadmaster,GM,1996,V6,Puce,Manual,AWD,44513,88045
q28vr752u8sl31xif,Acura,MDX,Honda,2003,4-cylinder,Mauv,Manual,AWD,5101,24422
pz5cm0u2116pkl1k5,Volkswagen,GTI,Volkswagen,2010,V6,Violet,Manual,RWD,10026,54544
pykhxrgbjcstq4dt9,BMW,X6 M,Rolls-Royce,2012,4-cylinder,Turquoise,Manual,4WD,20123,27498
pwssxu9ai9ed2igtm,Toyota,Land Cruiser,Toyota,1993,4-cylinder,Violet,Manual,AWD,34714,165246
pwojczw5qwdgx7ljz,Ford,Escape,Ford,2012,V8,Puce,Automatic,RWD,33436,82365
pudk3t5o9t5cga8as,Nissan,Leaf,Nissan,2011,4-cylinder,Crimson,Automatic,AWD,16631,22239
ptrzg940pg3tkzskh,Infiniti,I,Nissan,2003,4-cylinder,Fuscia,Manual,FWD,42372,106920
psec2odbzp2x89e5w,Pontiac,Firefly,GM,1995,V8,Khaki,Automatic,4WD,31133,27533
pq5dm5dnfz6zv1i02,Mercedes-Benz,E-Class,Daimler AG,1984,V8,Aquamarine,Manual,FWD,42410,104502
ppskn0xlcmh6ub45x,Nissan,Maxima,Nissan,2011,4-cylinder,Turquoise,Automatic,RWD,25351,163075
pp4e56xvo3ro9zzy8,Toyota,Matrix,Toyota,2010,4-cylinder,Orange,Automatic,FWD,48958,49751
pobp81tm41bwf4lps,Volvo,XC70,Volkswagen,2006,4-cylinder,Green,Manual,AWD,41567,640
pnen2fof5kpptwwhm,Hummer,H2 SUT,GM,2006,4-cylinder,Green,Automatic,RWD,34363,67424
pkh9ccy3xlg4gonqn,Volkswagen,Jetta,Volkswagen,2012,4-cylinder,Goldenrod,Automatic,RWD,22304,126142
pgcuhvbxgrnb6i0ta,Mazda,MPV,Mazda,1992,V6,Violet,Manual,RWD,33906,117812
pck6u7k1oydew76rc,Lincoln,Town Car,GM,2011,4-cylinder,Pink,Automatic,FWD,41629,32422
pc0ctd9yut0zs8hpc,BMW,M3,Rolls-Royce,1998,V8,Crimson,Manual,4WD,37035,80771
p9dbxu7g1ffv7itri,Pontiac,Bonneville,GM,2003,4-cylinder,Green,Manual,AWD,14867,118402
p7jqgo5lzs7fa0hdt,Holden,VS Commodore,Holden,1996,4-cylinder,Violet,Automatic,AWD,7019,114447
p5uex6ipte359nqih,Bentley,Continental Super,BMC,2010,V8,Goldenrod,Automatic,RWD,23823,90632
p4tewec0gwjpo4vqr,Dodge,Caravan,Chrysler,1995,4-cylinder,Mauv,Manual,4WD,37980,190276
p4p2v0mygok6dxpkb,Audi,A8,Volkswagen†,2000,V8,Indigo,Manual,FWD,44925,167185
p4npar4zoo1co39x2,Pontiac,Grand Am,GM,2003,V6,Fuscia,Automatic,FWD,17703,169863
p4kux7vpd4mku1msq,Land Rover,Discovery,Land Rover,2012,V6,Mauv,Manual,AWD,43665,119998
p3xgzwcrd3ocs3ps2,GMC,Suburban 1500,GM,1998,4-cylinder,Puce,Manual,RWD,39674,111910
oznx8xiu1i4yggib0,Volvo,S40,Volkswagen,2002,V8,Crimson,Manual,4WD,17564,1803
oy5mlaoiklkvwedke,Pontiac,Grand Am,GM,1987,4-cylinder,Purple,Automatic,4WD,5263,105148
ov8gg45gyhnr0prno,Pontiac,Montana,GM,2006,4-cylinder,Yellow,Automatic,4WD,34743,105894
ouaq9nl8d524n2duc,Ford,Crown Victoria,Ford,2002,V6,Fuscia,Automatic,4WD,28399,77843
ot20eswst9zgcp1ne,Honda,Accord,Honda,1998,4-cylinder,Yellow,Automatic,AWD,16596,186617
opp61x1njabd1h87g,Isuzu,Rodeo,Isuzu,1994,4-cylinder,Khaki,Automatic,RWD,31981,80883
opbmq4v4lb8ha9r7w,Bentley,Continental,BMC,2008,V6,Blue,Manual,FWD,39754,46067
oo3vz0t1vwez2epqc,Pontiac,Torrent,GM,2008,V6,Aquamarine,Automatic,FWD,46799,99290
omxhizjo9faavw6tv,Ford,Five Hundred,Ford,2005,4-cylinder,Mauv,Manual,4WD,40509,173814
olz7wvvke7jhpvhac,Subaru,Outback,Subaru,2000,4-cylinder,Pink,Manual,RWD,35589,153158
ol2b6c3smng6fpeox,Volvo,V70,Volkswagen,2008,V8,Teal,Manual,FWD,6768,154976
okfb02gs73xyf46vr,GMC,3500,GM,1996,V8,Aquamarine,Manual,4WD,46888,26754
oj3iy3d48bx6cj7qx,GMC,1500 Club Coupe,GM,1992,4-cylinder,Indigo,Automatic,AWD,20367,127320
ogt2rul3n8tgpm2h2,Acura,CL,Honda,1999,V8,Teal,Manual,RWD,36067,66539
oe5dx48qawdxjpafk,Pontiac,Grand Prix,GM,1979,4-cylinder,Blue,Manual,RWD,39653,129397
ocs8eqg2ptsh4gxj5,Saturn,Ion,GM,2004,V6,Teal,Automatic,AWD,23104,97163
o9jc0wk2gwqi9v30u,Dodge,Ram 2500 Club,Chrysler,1996,4-cylinder,Puce,Automatic,RWD,29362,142103
o9b1534d43vsqnw7o,Chevrolet,Astro,GM,1993,V8,Turquoise,Manual,FWD,30032,35435
o86bygvg6w4ji2rxs,Ford,Expedition,Ford,2009,V6,Yellow,Manual,RWD,49769,44879
o805m9cu7jvqvodso,Mazda,MX-6,Mazda,1997,V8,Fuscia,Automatic,4WD,27628,59626
o6c5n1lctje0zmnfd,GMC,Jimmy,GM,1995,V8,Blue,Manual,AWD,44235,38825
o54yr5mm4i2u43yt2,Mitsubishi,Galant,Mitsubishi,1991,4-cylinder,Mauv,Automatic,AWD,16471,120497
o2ee5sjtg47pnm1ep,Hummer,H2,GM,2005,V8,Purple,Automatic,RWD,11955,7002
o0xz6cbz1ru4vd3y6,Chevrolet,Cavalier,GM,2004,4-cylinder,Purple,Manual,RWD,21240,118795
nyru1mciasb3aqczw,Chevrolet,Avalanche,GM,2006,V6,Khaki,Manual,RWD,36608,188696
nyowoax5l5oz52d53,Bentley,Azure,BMC,2009,V6,Pink,Manual,RWD,46524,138451
nxrydztp3hc9wzm7n,Audi,Coupe Quattro,Volkswagen†,1991,4-cylinder,Yellow,Manual,FWD,47287,166611
nuxwe77hb28y0po0u,Subaru,Alcyone SVX,Subaru,1994,V6,Orange,Automatic,AWD,37807,72031
nub2mjlkasa7v3wfe,Ford,Ranger,Ford,2011,V6,Green,Automatic,4WD,6434,168867
nsrn90g3w0hl8bsnq,GMC,Vandura 1500,GM,1994,V6,Khaki,Manual,AWD,43190,170211
nsp0jfm7txtleoqne,BMW,M Roadster,Rolls-Royce,2008,V6,Mauv,Manual,4WD,6664,64693
nsf304vpid8fvgw6n,Pontiac,Trans Sport,GM,1992,4-cylinder,Blue,Automatic,AWD,39140,132024
nsb433y8v4ctbvysu,Toyota,Corolla,Toyota,1996,V8,Goldenrod,Automatic,AWD,46152,111340
nq3ash0tu2rl20x2a,Chevrolet,Cobalt,GM,2008,4-cylinder,Red,Manual,4WD,34565,111360
npzrd07yau0bc7q0m,Toyota,Solara,Toyota,2003,V8,Yellow,Manual,AWD,45525,66117
nojgjtzzwj7drickr,Hummer,H2,GM,2006,4-cylinder,Puce,Automatic,FWD,29826,61966
noglliq8yipvv9rrd,Dodge,Durango,Chrysler,1999,4-cylinder,Orange,Automatic,AWD,24500,22628
nn8zfpz9u3wqf26k1,Honda,Element,Honda,2006,V6,Indigo,Automatic,FWD,24842,16055
nlnng29drh9sncg5l,GMC,Savana 2500,GM,2012,4-cylinder,Pink,Automatic,AWD,47665,160108
nkgyhx3o4kynkajxi,Toyota,Land Cruiser,Toyota,2005,4-cylinder,Crimson,Manual,FWD,16330,44053
nkg19mutcwtvxbegq,Saab,9000,Saab,1991,V8,Green,Automatic,FWD,12916,105614
nk7uzcxixmvbvrtns,Mercedes-Benz,M-Class,Daimler AG,2012,V6,Purple,Manual,AWD,40383,135768
ngietcof2nmkd67y4,Mercury,Lynx,Ford,1984,V8,Orange,Manual,AWD,25928,120763
ngfxvky2x0pulzio3,Lexus,LS,Toyota,2004,V6,Puce,Automatic,FWD,24355,139918
nd0kdxblr1mobqare,Mercury,Grand Marquis,Ford,2007,4-cylinder,Yellow,Automatic,FWD,35452,187486
ncrppu8yqmmf4f8yr,Dodge,Ram 2500,Chrysler,1994,V8,Aquamarine,Automatic,RWD,15311,76213
nbnouyerf2wwmabu3,Ford,Transit Connect,Ford,2013,V6,Green,Automatic,AWD,19275,54634
n9uucjv9l7vw5r0yk,Chevrolet,Tahoe,GM,2010,V8,Blue,Manual,FWD,34120,21246
n8jjyf84hn448kjit,Honda,S2000,Honda,2009,V8,Violet,Automatic,4WD,15040,45407
n6u3kw1svks04kuua,Land Rover,LR2,Land Rover,2008,4-cylinder,Purple,Automatic,4WD,46912,117840
n5vdfkge5mm3ksjec,Buick,Park Avenue,GM,1999,V6,Teal,Automatic,RWD,24768,28083
n5u586q80yi0nz0nx,Bentley,Continental,BMC,2005,V8,Purple,Manual,4WD,35912,83828
n58tbosce4t5t6v06,Saab,3-Sep,Saab,2007,V6,Violet,Automatic,4WD,5090,135923
n37nt5hqg2m2uaki8,Cadillac,SRX,GM,2005,V8,Green,Manual,FWD,25067,40475
n2gudjl95ywuum1aj,Cadillac,DeVille,GM,2002,4-cylinder,Yellow,Automatic,RWD,12537,194848
n26gjhqtaau1vtv8k,Toyota,Avalon,Toyota,2005,V6,Goldenrod,Manual,RWD,43814,176287
n1gr244vyv63ukivo,Jeep,Grand Cherokee,Chrysler†,2001,V8,Crimson,Automatic,FWD,6630,32507
mvbmtxcf2viv887xo,Lexus,SC,Toyota,1992,4-cylinder,Yellow,Automatic,FWD,29989,112742
muz1gyazxf9cdz92w,Hummer,H3,GM,2006,V6,Maroon,Automatic,RWD,35252,156241
mq98s4l2eak4a5fso,Dodge,Ram 3500,Chrysler,2007,V8,Crimson,Automatic,4WD,45514,42233
mptwce40n9trev7de,Isuzu,Trooper,Isuzu,1995,4-cylinder,Goldenrod,Automatic,RWD,17349,137663
mmepavmkznr3q42sj,Mercedes-Benz,SL-Class,Daimler AG,1989,V8,Purple,Manual,RWD,20633,1849
mm0ul8q1zy3h5j37p,Nissan,Frontier,Nissan,2006,V8,Violet,Manual,AWD,18264,20970
mlro8unnwch64qkrv,Ford,Explorer Sport Trac,Ford,2005,V6,Green,Automatic,AWD,40073,179843
mkob7q1ej6yhkk67t,Pontiac,Grand Am,GM,2000,V8,Pink,Automatic,AWD,35611,28579
mjt248ndw0noiallb,Ford,Focus,Ford,2011,V8,Puce,Manual,RWD,9820,135245
mhygaprsijcu5yk3k,Subaru,B9 Tribeca,Subaru,2007,4-cylinder,Blue,Manual,FWD,38624,131860
mhj7h0ncbq5bexy8q,Chevrolet,2500,GM,1992,V6,Turquoise,Manual,FWD,49551,126944
mhb8snge25f7j3aja,Subaru,Loyale,Subaru,1992,4-cylinder,Turquoise,Manual,AWD,20053,75031
mgbpluoj4tf6sazy2,GMC,Sonoma,GM,1992,V6,Yellow,Manual,RWD,9361,101678
mg4mnmbw0uhewyh8u,Volkswagen,GTI,Volkswagen,1990,V6,Maroon,Manual,FWD,47239,16806
mf57t6e69so17m1f4,GMC,Suburban 1500,GM,1992,4-cylinder,Teal,Manual,RWD,32366,153796
mee0jsxvsilgpy4h8,Pontiac,Bonneville,GM,1990,V6,Yellow,Automatic,AWD,16326,173791
mdtfrc2b83zr6blus,Chevrolet,Camaro,GM,1975,V8,Puce,Manual,AWD,45360,87646
md3kdunsl2aa1mjd4,Acura,TL,Honda,2010,4-cylinder,Mauv,Manual,FWD,34299,63352
md34x767wjee2kaj2,Jeep,Grand Cherokee,Chrysler†,1993,V6,Khaki,Manual,FWD,18014,31434
mc16boc69e65kbgxh,Nissan,Frontier,Nissan,2006,V6,Turquoise,Automatic,FWD,10417,156889
madn21ftl6ea1r0fu,Volkswagen,Jetta III,Volkswagen,1993,V8,Aquamarine,Automatic,FWD,7799,79041
m750vv5ycnbwn0jpf,Ford,Expedition,Ford,2004,V8,Puce,Automatic,RWD,33487,117327
m6w1s64jdmw4z9xdz,Lincoln,Town Car,GM,1989,4-cylinder,Maroon,Automatic,4WD,25124,50143
m4fkcaj092eb8kl5t,Mercedes-Benz,E-Class,Daimler AG,2004,4-cylinder,Mauv,Automatic,FWD,21215,164624
m0iwdgct7wny9lncz,Porsche,Cayenne,Porsche,2004,V8,Mauv,Automatic,FWD,25282,196169
lzx18hxdblb0k9k6y,Ford,Ranger,Ford,1999,V8,Teal,Automatic,AWD,12789,78301
lzikf3ujicwfgff9e,Honda,Civic,Honda,2009,V8,Indigo,Manual,FWD,21326,46412
lz0rx2kbr16jjqoc1,Ford,Bronco,Ford,1989,V6,Red,Automatic,AWD,5082,32636
lwzzps1vee0qz52wv,Ford,Laser,Ford,1984,V8,Aquamarine,Manual,4WD,44446,75363
lwlj9fbpwrkbqttpn,Volkswagen,Cabriolet,Volkswagen,1985,V6,Blue,Automatic,4WD,29439,32426
lw0dxvy7h7r9x64vj,Infiniti,QX56,Nissan,2011,V6,Khaki,Automatic,4WD,31782,112415
lvbtgzabbo9p4omai,Saturn,VUE,GM,2005,V6,Green,Manual,FWD,20771,156244
lticcbxog02njlnj1,Nissan,Pathfinder,Nissan,1995,V8,Mauv,Manual,AWD,19308,37476
lse9siz3jxkdis8mn,Audi,4000CS Quattro,Volkswagen†,1986,V6,Green,Automatic,RWD,26888,29384
lruwitv5cdj44lhi1,Ford,E250,Ford,2010,V6,Teal,Manual,AWD,29192,193153
lptmwi514dpqcqes9,Ford,F350,Ford,1992,V6,Turquoise,Automatic,RWD,47628,115991
lp0rupwy88gsco0g2,Ford,F250,Ford,2010,4-cylinder,Mauv,Automatic,FWD,10565,129978
lmakjvgz1u4q77bt0,Scion,xD,Toyota,2011,4-cylinder,Goldenrod,Manual,FWD,29406,97962
li47f9ky9ta6souye,Nissan,Pathfinder,Nissan,1996,V8,Teal,Automatic,RWD,22848,24448
lhu0o2siovmbql7v5,Buick,Enclave,GM,2011,4-cylinder,Puce,Automatic,FWD,44612,75941
lg4xdzmp83ptqu3v2,Plymouth,Grand Voyager,GM,1992,4-cylinder,Purple,Manual,RWD,12403,122808
lb3ianlb1u50whk3r,Infiniti,QX,Nissan,2009,V8,Teal,Automatic,FWD,13314,150771
lak06b0ushxlgfud3,Smart,Fortwo,Toyota,2008,V6,Red,Manual,AWD,19050,10732
l9ptjb0gjt3b52od0,Mazda,B2600,Mazda,1987,V6,Red,Manual,AWD,17398,54656
l92edldfgbe6bdxl1,Kia,Sedona,Kia,2008,V6,Mauv,Automatic,RWD,31489,125936
l7ek6wljj1vajk1hu,GMC,Yukon XL 1500,GM,2011,V8,Turquoise,Automatic,RWD,31539,100997
l5v52eddr2qmjg4zp,Chevrolet,Sportvan G30,GM,1992,V8,Pink,Automatic,AWD,21864,86121
l3dox0vcrwpid3ccp,Dodge,Ram 3500,Chrysler,1998,V8,Orange,Automatic,AWD,23236,95556
l35p35rj5w4vexh3o,Mitsubishi,L300,Mitsubishi,1990,V8,Violet,Automatic,4WD,20853,58534
kybiktxhaili75zs7,Mercedes-Benz,SL-Class,Daimler AG,1998,V6,Goldenrod,Automatic,AWD,11215,44359
kxdbf7ufpoceklq18,Chrysler,Crossfire,Chrysler,2004,V8,Orange,Manual,FWD,21105,167404
kvjxa5g378h7614qk,Nissan,Altima,Nissan,2001,V8,Yellow,Automatic,RWD,16998,132524
kucunxkn918kjbxy5,Buick,Coachbuilder,GM,1990,V8,Turquoise,Automatic,RWD,43251,199628
ktuq8z3mvb6ndj2o8,Scion,tC,Toyota,2010,V6,Red,Manual,AWD,48991,149682
ktd7uc2bnzlhn25cx,Buick,Century,GM,1989,V8,Indigo,Automatic,RWD,39049,82801
ks2gfxt85689ymv50,MINI,MINI,BMW†,2002,V8,Blue,Automatic,AWD,30361,153461
kqvpz8rerv5xblexa,Kia,Spectra,Kia,2007,4-cylinder,Purple,Automatic,RWD,17189,190647
kpqvqvtnnhzii7jw1,Volkswagen,Cabriolet,Volkswagen,2001,V6,Purple,Manual,FWD,26584,126323
kp1zo74of6h84bcd2,Subaru,XT,Subaru,1985,V6,Crimson,Automatic,4WD,5758,869
knfxzhj44ej8joyn6,Lexus,GX,Toyota,2007,V8,Green,Automatic,RWD,9246,68453
kmcql8s5ma7hro73k,Volkswagen,GTI,Volkswagen,2000,V8,Mauv,Automatic,AWD,20270,90757
klxrmqjumo2m4mdi1,Mercedes-Benz,CL-Class,Daimler AG,2005,4-cylinder,Khaki,Manual,AWD,49429,169747
kld40iw5b6vm7vsez,Bentley,Arnage,BMC,2007,4-cylinder,Crimson,Automatic,AWD,21636,99686
kk1ousbo475qktlrd,Dodge,Stealth,Chrysler,1992,V6,Teal,Manual,RWD,10127,131645
kjoi08kxvxy0siwhc,Chevrolet,Cavalier,GM,2000,V6,Mauv,Manual,RWD,42596,105745
khoagm9udoun5c9ls,Smart,Fortwo,Toyota,2008,4-cylinder,Turquoise,Automatic,RWD,47308,20291
khkhcc5xtb0p8al30,Chevrolet,S10,GM,2000,4-cylinder,Green,Manual,FWD,24198,60181
khgj47smhm2bmnuec,Volvo,V50,Volkswagen,2011,V8,Teal,Manual,4WD,49715,36499
kh1wqh8k7y3w6oclt,Saturn,L-Series,GM,2005,V6,Aquamarine,Automatic,AWD,35773,16918
kggl1evj34r1kazy0,Ford,E250,Ford,2006,V8,Purple,Manual,RWD,24939,148296
kgd1drfal96q10q9q,Mitsubishi,Mighty Max Macro,Mitsubishi,1994,4-cylinder,Crimson,Automatic,RWD,30732,189658
kg73mml66sxh6vf6b,Lexus,GS,Toyota,2004,V8,Yellow,Manual,4WD,20751,149860
key1rcrjzbfvsdo1u,Cadillac,DeVille,GM,1999,V6,Violet,Manual,AWD,12778,62668
k7ekn2hlus1akpbdp,Buick,Roadmaster,GM,1995,V6,Teal,Automatic,RWD,21122,113797
k6u4oz9pp70s3jzut,Mercedes-Benz,SL-Class,Daimler AG,1999,V6,Pink,Manual,FWD,34456,56745
k4kl8ic2rkn84m4ne,Porsche,Cayman,Porsche,2007,V8,Purple,Manual,FWD,6115,17597
jyylpvnh7arzu4rfp,Volvo,C70,Volkswagen,2012,4-cylinder,Orange,Automatic,AWD,31347,50177
jyv5081gzuku59hva,Mercury,Sable,Ford,2005,V6,Yellow,Manual,4WD,14536,21772
jww1zxjl4v1g4xc2u,Buick,Reatta,GM,1990,V8,Purple,Automatic,4WD,5091,177612
jv5qxl5vyltbtrcss,Hyundai,Tiburon,Hyundai,2008,4-cylinder,Green,Automatic,RWD,44089,120812
jutoybrjg1w0h3alt,Mercedes-Benz,S-Class,Daimler AG,1993,V6,Crimson,Automatic,AWD,25393,59520
jul0ttj74l43lr4tt,Honda,Civic,Honda,1980,4-cylinder,Aquamarine,Manual,AWD,32455,141643
jsfkwexd37bptgovq,Mercury,Milan,Ford,2006,4-cylinder,Blue,Automatic,FWD,19591,179665
jr5ulm5skxw23vjz8,Land Rover,Freelander,Land Rover,2002,V6,Goldenrod,Automatic,AWD,17249,167251
jpw4l2p4rqmge7l9g,Lexus,LX,Toyota,2010,V8,Mauv,Manual,FWD,13081,59018
jnfril6qa4s12s11a,Buick,Riviera,GM,1996,V8,Blue,Manual,RWD,28473,21516
jmttzeajw3gkigjkj,Chevrolet,Cavalier,GM,1998,V6,Puce,Manual,4WD,38435,77541
jjqwbn65507akyldy,Honda,Accord,Honda,2003,4-cylinder,Mauv,Automatic,4WD,17478,176219
jiqejfc4ygorp9mwf,Plymouth,Breeze,GM,1997,V8,Mauv,Automatic,FWD,40968,198495
jhza3cicu9hridtu0,Mazda,MPV,Mazda,1990,V8,Indigo,Automatic,AWD,34326,168617
jfjb55iuhlg0vll31,Mitsubishi,Montero,Mitsubishi,1992,V6,Khaki,Manual,4WD,31438,151478
jfhdbbc68vd92ts2z,Jeep,Wrangler,Chrysler†,2002,4-cylinder,Purple,Automatic,FWD,26742,13210
jegbo0obx213o6yee,Toyota,Avalon,Toyota,2000,V8,Maroon,Automatic,AWD,9421,48370
jdndgo8ztylz4pjkv,Nissan,350Z,Nissan,2003,V6,Puce,Automatic,RWD,35948,62488
jdet1ibl6wwdyclny,Honda,S2000,Honda,2005,V6,Goldenrod,Manual,FWD,43689,86327
jdb9uwr6ha4er8ivy,Mercedes-Benz,G-Class,Daimler AG,2008,V6,Yellow,Automatic,RWD,15552,39141
jbq3eg9s8h4goyc7b,Kia,Carens,Kia,2009,4-cylinder,Blue,Automatic,AWD,7830,153607
j90dx43lwgcl51v0w,Jaguar,XK Series,Land Rover,1998,V8,Mauv,Automatic,AWD,32929,50458
j84316888xcjiw6q7,Ford,Mustang,Ford,2001,V6,Indigo,Automatic,AWD,29261,169521
j69zltlo6jcnu69bv,Hummer,H2,GM,2003,V8,Violet,Automatic,4WD,13933,78103
j67xf1bh89e9wpr20,Buick,Skylark,GM,1985,V8,Orange,Automatic,FWD,18509,11497
j16na6rske2556i0l,Chevrolet,Silverado 1500,GM,2009,V6,Indigo,Automatic,AWD,24814,151767
j0geltgyx2xvjuuf5,Mitsubishi,Mighty Max,Mitsubishi,1995,V8,Yellow,Manual,RWD,49396,154114
j02q7pg8bdbe64t42,Suzuki,Swift,Suzuki,1993,V6,Blue,Automatic,AWD,41696,59327
izv3yx57tdofb0fjn,Audi,A6,Volkswagen†,2001,V8,Green,Manual,AWD,7351,77664
ix5iho6w8gtv76nsb,Dodge,Ram Van 3500,Chrysler,2003,4-cylinder,Maroon,Manual,RWD,35478,195599
iwqmby996pad064jv,Mitsubishi,Pajero,Mitsubishi,2001,V8,Yellow,Automatic,AWD,24085,158648
iv8cahrzv20xn93fk,Audi,Coupe Quattro,Volkswagen†,1991,V8,Mauv,Manual,AWD,19228,56489
iv3aueo0n8nam66vc,Chevrolet,Express 2500,GM,1997,4-cylinder,Teal,Automatic,FWD,12719,14677
iuiz3syzc1pvvr2ho,Lexus,SC,Toyota,1998,V8,Pink,Manual,FWD,40158,21312
iu2254oyj1i2rn0fz,Mitsubishi,Chariot,Mitsubishi,1996,V8,Goldenrod,Automatic,4WD,36191,40666
is9yrtsmij6792bov,Jeep,Grand Cherokee,Chrysler†,2001,V6,Indigo,Manual,4WD,39564,158539
ir7byzk8dt4j6b0df,Hummer,H1,GM,2003,V8,Mauv,Automatic,FWD,28249,160630
iqvhv9465h6lv984y,Mercury,Tracer,Ford,1996,4-cylinder,Maroon,Automatic,AWD,12115,198669
iqgyy8zj2nyfkhmkj,Saab,900,Saab,1990,V6,Turquoise,Automatic,AWD,18818,36845
iq2y1tweojmti6v84,Subaru,Impreza WRX,Subaru,2011,V8,Maroon,Manual,RWD,46844,128327
ip4xsym7pes7l8y8v,Volvo,XC70,Volkswagen,2005,V6,Green,Automatic,AWD,30819,9290
im8fnrgo2n6mr56df,Lexus,SC,Toyota,2009,V8,Khaki,Manual,RWD,16334,150025
iligbvlhtvv85fe7j,Volkswagen,Jetta,Volkswagen,1995,V8,Maroon,Automatic,FWD,38545,172181
ilaa95mv4h4g3lngm,Mercury,Villager,Ford,1996,V8,Purple,Manual,4WD,30109,26012
ikya6rd5xtj92muhp,Chrysler,LHS,Chrysler,1997,4-cylinder,Puce,Manual,AWD,39453,8149
ik317kgnby80awmfb,Ford,Tempo,Ford,1994,V6,Aquamarine,Automatic,RWD,9484,199139
ii46o8bsdohp6cp64,Infiniti,G,Nissan,2012,4-cylinder,Teal,Automatic,AWD,39433,47589
ihvj9zwc7lwpodhs6,Lincoln,Mark VIII,GM,1996,V6,Fuscia,Manual,RWD,25194,80485
igs7jnzsc8k8oz9hs,Honda,del Sol,Honda,1993,V6,Green,Manual,AWD,15233,31146
igjlpiq1d52c90vus,Ford,Econoline E150,Ford,2001,4-cylinder,Maroon,Manual,4WD,38695,137697
igbgbezeebhp1wono,Mercedes-Benz,S-Class,Daimler AG,2012,V8,Red,Manual,FWD,13044,80490
ieevric4bcapae83i,Volvo,C70,Volkswagen,2011,V6,Mauv,Manual,4WD,29463,181231
idsecvs6v65iorglk,Dodge,Nitro,Chrysler,2008,V8,Violet,Automatic,RWD,38936,102525
iclikroo7hkmw33qp,Ford,F250,Ford,2009,V6,Goldenrod,Automatic,FWD,42736,48723
ia2ds4ogo07k1mc84,Porsche,911,Porsche,2009,V6,Red,Automatic,AWD,38325,181607
i956uptitif2sm2po,Pontiac,Firefly,GM,1986,4-cylinder,Puce,Manual,AWD,44296,39804
i955w3jji1w6wm1c8,Mercury,Mariner,Ford,2010,V8,Goldenrod,Manual,AWD,38967,79217
i74mxa9mqhnteg1xq,Chevrolet,Corvette,GM,1985,4-cylinder,Teal,Manual,4WD,28663,126996
i4uikf4qk74nihvlw,Volkswagen,Touareg,Volkswagen,2004,V6,Teal,Automatic,RWD,24103,194927
i49txa1h9eyq1gv4q,Chevrolet,Corvette,GM,2007,V8,Green,Manual,FWD,12248,37927
i49n7zfy2unxr2syf,Mazda,929,Mazda,1987,V8,Teal,Manual,AWD,12468,81821
i3pzyyik9uq8ydf00,Isuzu,Hombre Space,Isuzu,1997,V6,Indigo,Manual,4WD,47197,54187
i2pz8xv8gzbwch8j1,Saab,900,Saab,1991,V6,Teal,Automatic,RWD,33472,9910
i2h72u5skmvonakmx,Chevrolet,Suburban 1500,GM,1998,V6,Khaki,Manual,AWD,39101,33035
i1dwll2a054q8cpdi,Honda,Odyssey,Honda,2003,V6,Pink,Manual,4WD,19630,52049
i0ptw0cg20jww0h84,Subaru,Leone,Subaru,1987,4-cylinder,Yellow,Manual,RWD,48555,101370
hzgj673yqouh9ibr5,Volkswagen,Type 2,Volkswagen,1990,4-cylinder,Indigo,Manual,FWD,30315,53397
hyai5sdy7bdsu5vjs,Lamborghini,Diablo,Lamborghini,2001,4-cylinder,Violet,Manual,AWD,18473,151568
hy4v90vjil2qust2h,GMC,Yukon XL 2500,GM,2005,V6,Fuscia,Manual,RWD,24858,26602
hwmnjooj2i7mga06f,Kia,Spectra,Kia,2006,V8,Purple,Automatic,AWD,46736,63863
httwj8v9yjvtbkfzo,Lexus,GS,Toyota,1995,V6,Puce,Automatic,4WD,38653,1534
hqsk8a1h6ry4ndphk,Nissan,Sentra,Nissan,2012,V6,Blue,Automatic,AWD,35573,64896
hl3xuaq83hx377q9e,Chevrolet,Equinox,GM,2005,V8,Goldenrod,Manual,4WD,8528,63540
hjcw2qwq2c62axnsr,Chevrolet,Suburban 1500,GM,2005,V8,Puce,Manual,AWD,49034,49631
higuk5jkm9e3rw5ku,Honda,Accord,Honda,2008,4-cylinder,Violet,Manual,RWD,39596,101812
hhxee40peeg43y0z1,Suzuki,Swift,Suzuki,2006,V6,Teal,Manual,AWD,27247,74246
hft6oyjn18nshd3xq,Scion,xB,Toyota,2006,V8,Yellow,Automatic,4WD,43451,75840
hbpkj0yztylmy9jqn,Acura,RL,Honda,2010,V8,Yellow,Automatic,FWD,34554,116017
hbnf3u32no6qlcypt,Chevrolet,Corvette,GM,2009,4-cylinder,Pink,Automatic,RWD,13087,69352
h9irwaqfj6cylbaf5,Chevrolet,Express 2500,GM,2004,4-cylinder,Blue,Automatic,AWD,27480,68599
h7oc9wsjs1klvx8mv,Mercedes-Benz,C-Class,Daimler AG,2003,V8,Violet,Automatic,4WD,45394,88957
h7mi0zb2vurpilwyd,Audi,100,Volkswagen†,1989,V6,Pink,Automatic,FWD,43818,173967
h5tna90rfw2me2fmi,Chevrolet,G-Series G20,GM,1995,V8,Green,Automatic,RWD,28962,99312
h39p7p6axllztzf7v,Eagle,Summit,Chrysler,1994,V6,Crimson,Manual,4WD,30314,104755
h2pao889vom3fqla0,Dodge,Intrepid,Chrysler,2003,4-cylinder,Teal,Automatic,FWD,42206,12994
h1d6s3fryx4bboe5u,Mercedes-Benz,CLS-Class,Daimler AG,2007,V6,Fuscia,Manual,RWD,42766,163667
gzr9thctwy483t49w,Subaru,Forester,Subaru,2011,V6,Crimson,Automatic,RWD,11703,107430
gy4ds9tgjyzs08ypn,Cadillac,STS,GM,2009,V8,Violet,Manual,4WD,38807,124729
gwoca5ftiknl43psb,GMC,1500,GM,1998,V6,Violet,Automatic,FWD,29640,96418
gwj5q4rmv3ohbfra2,Suzuki,Swift,Suzuki,2000,V6,Crimson,Automatic,FWD,32124,71998
gvwtouudcg5onqkms,Mercedes-Benz,E-Class,Daimler AG,1995,4-cylinder,Mauv,Manual,FWD,44329,118284
gvu6nzquh7jzsfn14,Chevrolet,Malibu,GM,2000,4-cylinder,Pink,Automatic,RWD,28954,15151
gvmns5760wkphcw3f,Jaguar,XK Series,Land Rover,2001,4-cylinder,Crimson,Automatic,RWD,24469,37697
gu3nur5zcpqsdu5sl,Jeep,Grand Cherokee,Chrysler†,2001,4-cylinder,Red,Automatic,4WD,27642,164118
gs48ca63snmj81bkf,Ram,2500,Chrysler†,2012,V8,Blue,Automatic,FWD,39579,183823
grwou7ptt06gszhky,Subaru,Outback,Subaru,2006,V8,Indigo,Automatic,AWD,42829,99070
gqomsceab7v6fd39e,Mazda,RX-8,Mazda,2005,V8,Turquoise,Manual,4WD,16118,98323
gqcgmq8ff71bt1tup,GMC,Sierra 2500,GM,1999,V8,Crimson,Manual,4WD,11864,64455
gp6otxytv34vpa7f8,BMW,M5,Rolls-Royce,2000,4-cylinder,Goldenrod,Automatic,FWD,21283,157408
go49mru8p4xy3k8zv,Mercury,Tracer,Ford,1991,V8,Mauv,Manual,4WD,34551,16690
go04sjgamhv7z8011,Toyota,Sequoia,Toyota,2008,4-cylinder,Goldenrod,Manual,RWD,8435,44704
gkwcmmgw0ea1fgr23,Audi,TT,Volkswagen†,2004,V8,Purple,Manual,RWD,16878,92777
gik3f3ui85r3jbqqi,Pontiac,Fiero,GM,1988,4-cylinder,Green,Manual,RWD,20067,173201
ghmytwmu1pn1ym96y,Toyota,Camry Solara,Toyota,2007,V6,Mauv,Manual,FWD,29209,187525
gh3hx29kxd8l70ccl,Ford,Mustang,Ford,1993,4-cylinder,Puce,Manual,FWD,13058,182165
ggwmyk5rqnvymtyg5,GMC,Savana 3500,GM,2001,4-cylinder,Turquoise,Manual,FWD,35833,136369
ggd7jixz6y1u6zosz,Mercury,Tracer,Ford,1993,V8,Khaki,Manual,RWD,5853,106513
gfz79k54qguzqydkf,Dodge,Ram Van 1500,Chrysler,1999,V8,Turquoise,Manual,4WD,27564,91061
g82ilhutt9gnwhcwp,GMC,Envoy XL,GM,2004,V8,Orange,Manual,FWD,42056,121401
g7hp3x1wap0d2z41x,Mazda,Protege,Mazda,2000,V6,Pink,Manual,4WD,10907,115692
g6zuxjztzpyhw9bq6,Land Rover,LR3,Land Rover,2008,V8,Blue,Automatic,4WD,12628,127194
g6to41pg9m4se3g0m,Chevrolet,Tracker,GM,1999,V6,Yellow,Automatic,FWD,21685,125857
g4gve6dzfbht8qqop,Hyundai,Accent,Hyundai,2013,V8,Indigo,Manual,FWD,34486,91297
g4bjtn0fxg8319z25,Mitsubishi,Outlander,Mitsubishi,2012,4-cylinder,Yellow,Manual,RWD,16948,119027
g3x1d1rmoodth1c9r,Mazda,MX-5,Mazda,2003,4-cylinder,Red,Manual,AWD,5194,71698
g2ntnknmunfhsuvqu,Chevrolet,Cavalier,GM,2004,4-cylinder,Indigo,Automatic,RWD,43046,38473
g2bkynw1qji7ni8r8,Pontiac,Grand Prix,GM,2003,V8,Khaki,Manual,AWD,20207,90717
g1ift7zrwhqedmc4e,Dodge,Ram,Chrysler,2011,V6,Teal,Manual,FWD,35815,64751
g1dor5jnbj7o0shb4,Ford,Explorer Sport Trac,Ford,2006,4-cylinder,Green,Manual,FWD,20499,185147
g0tsia9dqqfjz6n0a,Chrysler,Town & Country,Chrysler,2011,V8,Fuscia,Manual,4WD,19049,74404
g0qe9ryoes85pb5no,Honda,Prelude,Honda,1998,V8,Crimson,Manual,FWD,37791,168519
g0myabildayz32fw4,Volkswagen,GTI,Volkswagen,1993,V6,Aquamarine,Manual,AWD,39209,94575
fysuazpg60yt8c73u,Pontiac,Firebird,GM,1993,V6,Puce,Automatic,RWD,45069,49598
fymoxv28m17qu64q0,Suzuki,Grand Vitara,Suzuki,2008,V8,Purple,Automatic,4WD,43578,145491
fxy1jgthxxtsvp88y,Chevrolet,Cavalier,GM,1992,4-cylinder,Violet,Automatic,4WD,44228,179726
fsysnfuycppdegop3,Volvo,960,Volkswagen,1992,4-cylinder,Purple,Automatic,RWD,30314,23288
fsybw8f24tj98e9q7,Mazda,Mazda5,Mazda,2007,V6,Orange,Automatic,AWD,43219,189462
fo6o3ufxzyg84sft6,Cadillac,Escalade,GM,2007,V8,Turquoise,Manual,4WD,46901,110543
fmpfkeneuyodkh5eg,Lotus,Exige,Lotus,2006,4-cylinder,Yellow,Manual,4WD,17087,165969
fmc3an7dh9q2ct4cs,Toyota,T100 Xtra,Toyota,1995,4-cylinder,Pink,Automatic,AWD,35038,664
fkuzo764absxib85i,Isuzu,Rodeo,Isuzu,1993,V6,Crimson,Manual,4WD,44656,196299
fku8m3oq1mrsgdqf6,Geo,Tracker,Geo,1997,V6,Yellow,Automatic,AWD,6065,103005
fkp9mh0b9y2urjlz1,Nissan,Frontier,Nissan,2002,4-cylinder,Green,Automatic,AWD,5985,151605
ffz6wje4e0hbp3uuo,Mercury,Topaz,Ford,1990,V8,Khaki,Automatic,RWD,48337,133495
ffk6bep53u2r8gl7m,Volkswagen,Cabriolet,Volkswagen,1990,V8,Puce,Manual,RWD,6042,74118
fc3j8qseyfj1giwst,Mitsubishi,Tredia,Mitsubishi,1984,4-cylinder,Turquoise,Automatic,FWD,36535,7302
fbj5jcw9z16j8x000,Suzuki,SX4,Suzuki,2011,V6,Mauv,Manual,AWD,47419,41389
f83ugwkvyvcv1w4xa,Volkswagen,Jetta,Volkswagen,1998,V8,Turquoise,Manual,RWD,19212,124280
f7q0mjcktd4wp9a03,Chevrolet,Avalanche 1500,GM,2002,V8,Fuscia,Manual,AWD,21999,170807
f70qcvhuzpiumbznq,BMW,3 Series,Rolls-Royce,1995,4-cylinder,Puce,Manual,RWD,43951,78866
f6unuo4n9j04k2pue,Toyota,Echo,Toyota,2004,V8,Maroon,Manual,FWD,18033,103749
f5y5rhfac2pbd9v08,Chevrolet,Silverado 1500,GM,2009,V6,Orange,Manual,RWD,48316,184223
f5xzub4tz36llzyu6,Chrysler,Sebring,Chrysler,2010,4-cylinder,Pink,Automatic,RWD,44777,104764
f4kjehw9kkx2rm6iu,Mercedes-Benz,CLK-Class,Daimler AG,2001,V6,Maroon,Manual,4WD,7921,54533
f2nd6xqnd138ub4pz,Mercedes-Benz,C-Class,Daimler AG,2004,4-cylinder,Blue,Manual,FWD,26906,75134
f2gu9dq6oibjjkr23,Infiniti,FX,Nissan,2003,4-cylinder,Violet,Manual,FWD,14853,123573
ewi1yk726rsgzi8e2,Mitsubishi,Diamante,Mitsubishi,1998,4-cylinder,Fuscia,Manual,4WD,5769,84881
evp9ehp46jy977vk5,Honda,del Sol,Honda,1994,V6,Orange,Automatic,4WD,11774,199949
euuizpbcuo1sszrqj,Volkswagen,Jetta,Volkswagen,2009,4-cylinder,Green,Manual,RWD,31093,115565
eukslutc7rl51hc7a,Mazda,RX-8,Mazda,2004,V6,Goldenrod,Manual,AWD,5826,54270
et2gllbo5ddf6r9v7,Chevrolet,2500,GM,1992,V6,Aquamarine,Manual,RWD,37384,133824
esyirz0obqd4eq6fd,Chrysler,Concorde,Chrysler,2002,V6,Puce,Manual,FWD,37367,66451
eqf6zl4sqcv7j6dt4,Mercedes-Benz,CLK-Class,Daimler AG,2002,V6,Purple,Manual,FWD,16430,185237
eoo3avvsbzqmgffcy,Dodge,Dakota,Chrysler,1992,V6,Purple,Manual,AWD,32910,155150
eod2n5nhja5nwzo5n,Suzuki,SX4,Suzuki,2011,4-cylinder,Aquamarine,Automatic,4WD,32479,179839
emtr9m33oiv4nlvwd,Volvo,V50,Volkswagen,2005,V8,Crimson,Manual,4WD,20608,93954
el8c5pbpbg3zboygc,Volkswagen,Eos,Volkswagen,2009,V8,Green,Automatic,RWD,28635,198147
ekw21ai9bxpjm53tc,Nissan,Maxima,Nissan,2012,4-cylinder,Maroon,Automatic,RWD,12459,174890
ekjjltjosvfv06mzf,Dodge,Ram Van B150,Chrysler,1994,V6,Orange,Automatic,RWD,24809,7005
ek2wdwqk8zxcpbp0s,Chrysler,Concorde,Chrysler,1997,V6,Khaki,Manual,4WD,36725,53419
ejh41yok2p4x4u5to,Pontiac,Bonneville,GM,1965,4-cylinder,Blue,Manual,AWD,39669,66528
eh357gksgufij854z,Lincoln,Aviator,GM,2004,V8,Khaki,Manual,FWD,5223,147600
eh221xygsou1d66nl,Nissan,GT-R,Nissan,2012,4-cylinder,Khaki,Automatic,4WD,24153,1061
egd9epyrto4hozvh9,Ford,Fusion,Ford,2010,V6,Blue,Manual,4WD,48266,173463
ef6qqrwz72l0x3ib5,Bentley,Arnage,BMC,2008,V6,Crimson,Automatic,FWD,39949,2564
eezkl0lcydrxctvbe,Ford,E-Series,Ford,2004,V8,Crimson,Automatic,RWD,32802,77036
eey7kli745skxk9tf,Suzuki,Daewoo Lacetti,Suzuki,2007,V8,Khaki,Manual,AWD,11470,164547
eejljigydw55evges,Audi,Quattro,Volkswagen†,1993,V8,Yellow,Automatic,AWD,11052,168355
ee92yzzrfp9mabaee,Volkswagen,GTI,Volkswagen,2008,4-cylinder,Khaki,Automatic,FWD,29262,40286
edgojov8alnhv4qj0,Dodge,Ram Van 2500,Chrysler,1998,V6,Mauv,Manual,AWD,31997,146686
ecuhkvi6s4vssf8pd,Mazda,929,Mazda,1992,V6,Mauv,Automatic,4WD,47777,140527
ecjgh1eb1d0qag9pp,Acura,NSX,Honda,1995,4-cylinder,Purple,Automatic,AWD,5826,28612
ecdnhjd0han4stjm2,Buick,Reatta,GM,1988,V6,Teal,Automatic,FWD,35254,195238
eaylme91qufxjesi6,Oldsmobile,98,GM,1993,V8,Yellow,Manual,RWD,38347,67722
e9sua9cdhn9fe5mnf,Dodge,Ram 3500,Chrysler,2004,V6,Pink,Manual,FWD,9558,115029
e9mzkpwqtmheu1qpi,Audi,Allroad,Volkswagen†,2002,4-cylinder,Orange,Manual,4WD,13512,94186
e6tvp5sr5e0096olx,Bentley,Continental Super,BMC,2011,V8,Maroon,Manual,RWD,36417,9519
e6f2e0h22qla6jfyf,Lexus,ES,Toyota,1994,4-cylinder,Yellow,Automatic,RWD,27480,131768
e6467xljimczvideg,Saturn,L-Series,GM,2005,V8,Goldenrod,Automatic,FWD,15738,112090
e4k7f9ncoykwi5ycz,Mercury,Villager,Ford,2002,4-cylinder,Puce,Manual,AWD,30098,197802
e1q0t0t0bzy1ezsdc,Audi,S4,Volkswagen†,2011,4-cylinder,Goldenrod,Manual,FWD,43999,191408
e19zezkrm7d01ak8q,GMC,Acadia,GM,2011,4-cylinder,Aquamarine,Automatic,4WD,32961,35470
e0ixcs69zlr6ije8y,Nissan,Rogue,Nissan,2008,4-cylinder,Fuscia,Automatic,RWD,28135,104019
e0ggyhz9i52x1obds,Isuzu,i-Series,Isuzu,2008,V8,Maroon,Automatic,AWD,20253,142110
e08k95d6oaq850rqa,Mercedes-Benz,C-Class,Daimler AG,2012,V6,Maroon,Automatic,4WD,19661,175876
dzvlahy0apnzadroi,Saab,900,Saab,1992,V8,Mauv,Automatic,AWD,48672,103771
dw793h9c22uvz0zgl,BMW,600,Rolls-Royce,1957,4-cylinder,Fuscia,Automatic,AWD,14494,138222
dtod66b5zkrq1xhg7,GMC,Savana 3500,GM,2001,V6,Maroon,Automatic,RWD,8355,124792
dt45vdx0osnj77cpv,Chrysler,Town & Country,Chrysler,2001,V6,Green,Automatic,FWD,10470,55554
dqbh7mqqmt2y25ij4,Mercedes-Benz,S-Class,Daimler AG,2011,V6,Red,Automatic,RWD,24326,29478
dpk038ykdowwqn303,Subaru,Outback,Subaru,2005,V8,Khaki,Automatic,AWD,21010,66741
dpbus2syrgx457c33,Saturn,L-Series,GM,2001,4-cylinder,Orange,Manual,AWD,9552,14847
dobjmfnp5g4knoa16,Mercury,Grand Marquis,Ford,1999,V6,Puce,Manual,AWD,35311,147442
do8nglwj1uwlj3b82,Volkswagen,Golf III,Volkswagen,1994,4-cylinder,Aquamarine,Manual,AWD,27914,56645
do8f3i8r8or755v7u,Lotus,Esprit,Lotus,2003,4-cylinder,Blue,Manual,RWD,42552,56184
do51oi6fniuawrpu2,GMC,Savana 2500,GM,2011,V8,Crimson,Automatic,FWD,24257,79085
dlc4dh8du2homkl37,Ford,Freestar,Ford,2003,V6,Violet,Automatic,4WD,36427,19772
dl3u8n8aqp88872eg,Volkswagen,Passat,Volkswagen,1995,4-cylinder,Maroon,Manual,AWD,13594,61393
djsf2cxyp41fokgcy,Ford,E-Series,Ford,1994,4-cylinder,Green,Manual,RWD,22446,198767
djrespk6nbmn8f312,Pontiac,GTO,GM,1965,V8,Turquoise,Automatic,AWD,9009,158449
dixscw3b8tz5npsf5,Chevrolet,Silverado 1500,GM,2010,V6,Green,Automatic,FWD,30663,3571
disyurnbf8r0vynwh,Plymouth,Voyager,GM,1996,V6,Red,Manual,AWD,36937,31021
di4rha3qcpux5ajlt,Honda,Element,Honda,2006,V8,Pink,Automatic,AWD,32607,79471
dho6dj3awzq9w0vkb,Mitsubishi,Galant,Mitsubishi,1997,V8,Goldenrod,Automatic,RWD,13925,36540
dh1kla8pxsbunyeo1,Toyota,Tundra,Toyota,2006,V6,Fuscia,Automatic,4WD,25019,87488
dg4on3ggb99wpl14w,Ford,Taurus,Ford,2008,V8,Green,Manual,RWD,10693,68485
de6uzh1f6u81rvu0v,Mercury,Grand Marquis,Ford,1995,V8,Orange,Automatic,RWD,43415,5301
ddu8dje6c3nxxy4i0,Acura,TSX,Honda,2007,V8,Turquoise,Automatic,FWD,22062,197682
dcmwvkdx1cn92wvef,Ford,F350,Ford,2002,V6,Pink,Automatic,FWD,9493,31507
dbpu2oprksxep7uio,Isuzu,Rodeo,Isuzu,1998,V8,Violet,Manual,RWD,23102,128173
dbp0lnrsgwn2vwh04,Nissan,Leaf,Nissan,2011,4-cylinder,Goldenrod,Automatic,RWD,16290,172635
db5dip5wwixm0c29k,Toyota,Land Cruiser,Toyota,1996,V6,Violet,Manual,RWD,15900,11703
dablpyhi9u57sdocu,Ford,Escape,Ford,2007,V6,Red,Manual,4WD,6039,69954
d9ywxhz7ewnl71iu2,Cadillac,Brougham,GM,1992,V6,Orange,Automatic,AWD,44947,133497
d8s2uph20z3tl0htd,Ford,Escape,Ford,2012,V6,Goldenrod,Manual,4WD,38208,178328
d7gy4wwwfq86aj0fn,Dodge,Stealth,Chrysler,1993,4-cylinder,Khaki,Automatic,AWD,24913,13408
d784eyz9ciy9f6rsu,Mercedes-Benz,SL-Class,Daimler AG,2003,V6,Teal,Automatic,FWD,45293,99853
d41f8v4dfqjtcb5rs,Volvo,V50,Volkswagen,2007,V6,Indigo,Manual,FWD,9464,89329
d3yb1vxgonlwl4r9l,Jensen,Interceptor,Jensen,1966,V6,Orange,Manual,AWD,5600,148029
d0oqoh7hpwbk4l4xp,Hyundai,Tiburon,Hyundai,1998,4-cylinder,Goldenrod,Manual,RWD,26676,148119
d0lpldxybpvneyuq6,Ford,Windstar,Ford,2000,4-cylinder,Blue,Manual,RWD,38447,32947
czn9lg66zbbv2o9m5,Honda,Accord,Honda,2002,4-cylinder,Violet,Manual,4WD,35396,152133
czigneq0c32lxlaht,Toyota,Tacoma Xtra,Toyota,2004,4-cylinder,Puce,Automatic,4WD,5515,1192
czev0htt5obf9idqv,Mercury,Sable,Ford,2001,4-cylinder,Khaki,Manual,AWD,13073,197710
cy2x17jszobveqond,Plymouth,Colt Vista,GM,1994,V6,Puce,Automatic,RWD,20109,150754
cy23y7beiisa29d0p,Chrysler,New Yorker,Chrysler,1995,4-cylinder,Khaki,Manual,RWD,38618,79108
cvd5e8lrhag1xkzo1,Honda,Accord,Honda,2002,V8,Yellow,Manual,AWD,48059,21085
cv3uhvn54xl0i108r,Lexus,ES,Toyota,2003,V8,Green,Manual,FWD,40195,108600
cuzrhkx9fbvavw7ey,Dodge,Charger,Chrysler,2007,V6,Red,Automatic,4WD,36163,193430
crqiydbg65l09pmw7,GMC,Savana 3500,GM,2009,4-cylinder,Mauv,Manual,FWD,20885,166390
cnc9xjtvj2shu0b8k,Pontiac,GTO,GM,1969,4-cylinder,Teal,Automatic,FWD,8866,167645
clorzr7jjb2dskk1w,Toyota,Land Cruiser,Toyota,1997,V6,Puce,Manual,4WD,19275,158161
cjovyvyvk80qnbapy,Pontiac,Trans Sport,GM,1999,V6,Red,Manual,AWD,17802,91807
ci8wcmkgousi5w1jl,Ford,Thunderbird,Ford,1958,4-cylinder,Turquoise,Manual,AWD,46993,74544
ce153mc5tiwu42aip,Audi,A4,Volkswagen†,2006,V6,Violet,Automatic,FWD,11089,59071
cattwwu7yim4gdrrv,Dodge,Dakota,Chrysler,2004,V6,Puce,Automatic,4WD,6380,9833
c9ufqtvigace4aws9,Chevrolet,Corvette,GM,2006,V8,Teal,Manual,FWD,20113,136264
c9ogyh8ey6ud06j3f,Chevrolet,Cavalier,GM,2005,V6,Orange,Manual,FWD,19134,152974
c7d336wzku6r5whoo,GMC,Yukon XL 1500,GM,2004,4-cylinder,Red,Automatic,AWD,48368,133666
c5tijgtp3r56rqgq6,Chrysler,Crossfire,Chrysler,2007,V8,Orange,Automatic,AWD,22422,42243
c3kfjehj4yu93acoc,Subaru,Legacy,Subaru,1996,V6,Maroon,Manual,4WD,42278,156159
c3g7qxhnb8d22o41l,Pontiac,Grand Prix,GM,1982,V8,Mauv,Automatic,FWD,34653,69989
c1we7azv1wsz6evq7,Mercury,Grand Marquis,Ford,1989,V8,Puce,Manual,AWD,10099,54171
c1daik31mzu5au54z,Volkswagen,Passat,Volkswagen,1987,4-cylinder,Maroon,Manual,RWD,14489,178618
c0tcnn47gmzy1pxwz,Ford,Bronco II,Ford,1985,4-cylinder,Puce,Manual,AWD,32199,79507
c07aglhc5be884inb,MINI,Clubman,BMW†,2012,V8,Turquoise,Manual,FWD,5263,116213
bzzjz43brbylbegfs,Ford,Laser,Ford,1984,V6,Teal,Automatic,FWD,9597,91587
by1dqe1uynqr6q286,Lexus,RX,Toyota,2009,4-cylinder,Turquoise,Automatic,AWD,5737,197382
bx3r9yppr8bn138qq,Oldsmobile,Bravada,GM,1996,V6,Aquamarine,Automatic,AWD,39596,64559
bwvc9kst5ez2g2oe5,Ford,Tempo,Ford,1987,V8,Crimson,Manual,RWD,24070,93066
bv8m4jld983cf6ky2,Mercedes-Benz,300D,Daimler AG,1993,V8,Pink,Manual,RWD,18037,142120
bsz0sd9g0vllk7ecz,Acura,TL,Honda,2007,V6,Orange,Manual,AWD,18103,55015
bsbmqklf4gcfllspv,Dodge,Daytona,Chrysler,1984,V6,Indigo,Manual,FWD,41231,60414
bq0bzu0gvm58tqt0f,Mazda,RX-7,Mazda,1991,V6,Teal,Automatic,4WD,42889,130332
bog8xy8sr781c0xxy,Mitsubishi,Pajero,Mitsubishi,1988,V8,Purple,Manual,AWD,15714,75494
bmnumap3hk4ah0qnl,BMW,M,Rolls-Royce,2001,V6,Orange,Automatic,FWD,14147,43720
bm92rs43w4lazw6mp,Ford,Ranger,Ford,1986,V6,Mauv,Automatic,RWD,44535,11740
bjiebm62b38b4bnom,Chrysler,Concorde,Chrysler,1999,4-cylinder,Red,Automatic,RWD,17665,21044
bipaa68kfu3bys1ko,Hyundai,Veracruz,Hyundai,2009,V8,Mauv,Manual,FWD,11999,12662
bh7qcrfg90jq1nw50,Mazda,MX-5,Mazda,1994,4-cylinder,Khaki,Automatic,RWD,12815,113420
bgee3j8e3ngipjee1,Toyota,Sienna,Toyota,2009,V8,Goldenrod,Manual,AWD,43730,32645
bdro7bvq2mp7tk5o4,Jeep,Wrangler,Chrysler†,2000,V6,Yellow,Automatic,RWD,8739,39530
b85279ibgmfbso4en,Ford,F350,Ford,2009,V8,Maroon,Manual,AWD,11326,38221
b4sbyrrzwymnfvg2c,Dodge,Intrepid,Chrysler,1994,V6,Puce,Manual,RWD,15438,45610
b2634doin7xmlq5ce,Lincoln,Mark LT,GM,2008,4-cylinder,Red,Automatic,4WD,5016,17220
azh6j2iqpxkurqra7,Pontiac,Firebird,GM,2001,V6,Violet,Manual,RWD,30674,161253
axeyu02tr53ultipq,Lincoln,Town Car,GM,1991,V8,Blue,Manual,4WD,42234,89886
auyab0w5xc0s4rrpk,Nissan,Sentra,Nissan,1992,V8,Violet,Automatic,FWD,41186,129807
athsqn5d42m3l9yoo,Hyundai,Sonata,Hyundai,2013,4-cylinder,Violet,Automatic,AWD,22653,15627
asw2zfbtotpbj7cnz,Hyundai,Tucson,Hyundai,2012,4-cylinder,Green,Automatic,AWD,14467,178125
asskvyivx0rnh1iy5,Mazda,Mazdaspeed 3,Mazda,2011,V6,Indigo,Automatic,4WD,14335,173753
arr6x7cvcu4aug4nu,Pontiac,Grand Prix,GM,2005,4-cylinder,Orange,Manual,FWD,46945,149810
apad4wllvyrm04u75,Buick,Skylark,GM,1985,4-cylinder,Blue,Manual,RWD,5572,85225
aovz1aq3aegfflbvh,Nissan,Maxima,Nissan,1993,V6,Aquamarine,Manual,4WD,33952,30832
ao56336cwpyzyx1sb,Ford,Taurus,Ford,1992,4-cylinder,Purple,Manual,AWD,47872,163350
anraj21p5c28gdhbg,Pontiac,Daewoo Kalos,GM,2006,4-cylinder,Teal,Manual,RWD,26542,50290
ajsvyjfy1xr3wn932,Pontiac,GTO,GM,1971,V8,Purple,Automatic,RWD,17780,85389
ajqc0lzmf90jszwyz,Volvo,S80,Volkswagen,2004,V6,Goldenrod,Automatic,AWD,9851,86406
aj1z0k2481jc6bifb,Lotus,Elise,Lotus,2004,V8,Violet,Automatic,4WD,15023,43519
ailhca79wzcmhv8ez,Pontiac,Grand Prix,GM,1973,V6,Khaki,Manual,4WD,41009,183856
ai0v9xx5fb8ljg3jy,Oldsmobile,Achieva,GM,1993,V6,Green,Automatic,FWD,17142,183056
agl1xusjv2f3owjw6,Chevrolet,Silverado 3500HD,GM,2006,V6,Orange,Manual,AWD,47228,121619
af043f14zhc3yorqi,Buick,Regal,GM,1995,V6,Maroon,Automatic,FWD,15963,7286
aaom3jp67do5znni1,Ford,Escort,Ford,1988,4-cylinder,Goldenrod,Manual,AWD,28153,124561
aao64yff0662i3cey,Chevrolet,Silverado 3500,GM,2005,4-cylinder,Goldenrod,Manual,AWD,28588,177807
a7po0dcrcxn8jhcve,Mazda,Mazdaspeed 3,Mazda,2012,V8,Yellow,Manual,FWD,5404,26803
a7cj11ms6ruggoi6v,Subaru,XT,Subaru,1986,V6,Blue,Manual,FWD,25840,116781
a79evy9o50gc2pe8a,Volkswagen,Passat,Volkswagen,1996,V6,Green,Automatic,AWD,7439,138862
a78xmjz2auig8hbsl,Dodge,Dakota,Chrysler,1993,V8,Orange,Manual,AWD,29197,84853
a5wj7yeqgu7lp9wkg,Ford,Explorer Sport,Ford,2003,4-cylinder,Orange,Automatic,4WD,28904,131231
a3vpxpg40jupt3fvy,Buick,Skylark,GM,1990,4-cylinder,Violet,Automatic,RWD,29085,58671
a28hbxgpgyjj6iqgj,Dodge,Ram 2500,Chrysler,2002,4-cylinder,Crimson,Automatic,AWD,29452,5656
a1jlueuesgv1zpvgi,Chevrolet,Suburban,GM,2007,V8,Crimson,Automatic,4WD,43843,128959
9z58r2cr19s3fu79t,Toyota,RAV4,Toyota,2005,V6,Red,Automatic,RWD,27557,161793
9y0yutx2c945lopng,Cadillac,Eldorado,GM,1996,V8,Yellow,Automatic,AWD,37121,151809
9x6ldb90pbz5p8hh4,GMC,Savana 2500,GM,1998,V8,Fuscia,Manual,FWD,22385,120217
9v9fandi7q4lh63zp,Pontiac,Bonneville,GM,1998,4-cylinder,Fuscia,Manual,FWD,25186,162909
9v4gqtm85t93z3cpv,Land Rover,Sterling,Land Rover,1991,4-cylinder,Maroon,Automatic,FWD,32949,90552
9v3m87b2s3e43evhl,GMC,Sonoma Club,GM,1992,V8,Yellow,Automatic,RWD,16736,18154
9v341qpuca418ncgl,Nissan,Sentra,Nissan,1995,4-cylinder,Indigo,Manual,4WD,7749,35421
9ubn165ozjbl63akx,Lamborghini,Diablo,Lamborghini,1996,V8,Yellow,Automatic,RWD,21419,4846
9tm7i9urvt77ft1t5,Ford,Laser,Ford,1986,V6,Pink,Manual,RWD,6965,16852
9t8vz190iifrxdh1o,Pontiac,Bonneville,GM,1999,4-cylinder,Purple,Manual,FWD,40726,128529
9q8sji2tt1qi50cg6,Porsche,Cayenne,Porsche,2008,V8,Red,Manual,AWD,40875,102907
9q7j3x7p152qsxeb5,Mercedes-Benz,E-Class,Daimler AG,1987,V6,Violet,Manual,RWD,38691,64250
9pyvqyqrfh1p9jggc,Hyundai,Accent,Hyundai,2009,4-cylinder,Mauv,Automatic,FWD,36866,9239
9l8ub1we6wqd09n3z,Ford,Mustang,Ford,1986,V6,Blue,Automatic,RWD,7369,100070
9kprtex34t3bb87vx,Lincoln,Mark VIII,GM,1993,V6,Turquoise,Automatic,RWD,25007,194471
9j02cy8tlhfd6jm1p,Land Rover,Discovery Series II,Land Rover,2000,V6,Crimson,Manual,RWD,16125,8329
9haeofre8c8v5axx4,Toyota,Prius,Toyota,2007,4-cylinder,Purple,Automatic,AWD,26727,189891
9ephbydneb13nb8do,Honda,Civic,Honda,2001,V6,Green,Manual,RWD,49214,159195
9e5pt9yxg8ce1grr3,Chrysler,Concorde,Chrysler,1998,V8,Indigo,Automatic,AWD,30568,114341
9d1lryxrli4xr2scl,Porsche,911,Porsche,2000,V6,Crimson,Manual,AWD,10609,50488
9ahq7vsemxwh9y69v,Studebaker,Avanti,Studebaker,1964,V6,Green,Manual,RWD,47041,131648
925kp9dshh5a6awu9,Isuzu,Rodeo Sport,Isuzu,2003,4-cylinder,Teal,Manual,RWD,11456,64060
91jnwhl3k7ybzortl,Saab,5-Sep,Saab,2001,V6,Teal,Manual,RWD,5085,154960
8xu3brfsaingu9ac8,Mitsubishi,Galant,Mitsubishi,1997,V8,Goldenrod,Automatic,AWD,7068,181221
8wvlorv3gx2mivbpz,Honda,Prelude,Honda,1996,V6,Khaki,Automatic,FWD,38755,105895
8wlr19ykuiyg0kzob,Subaru,Brat,Subaru,1986,V8,Violet,Manual,4WD,44836,133754
8w2bhy8lgyqvv20q3,GMC,2500 Club Coupe,GM,1993,V6,Fuscia,Automatic,AWD,14312,190142
8vl6a0zbox6gfx312,Chevrolet,Cavalier,GM,2000,V8,Fuscia,Manual,RWD,9148,145458
8vfh59v19yaygpmzc,Cadillac,STS,GM,2006,V8,Mauv,Manual,RWD,31942,153853
8v24e7a0i7z6p488m,Volvo,S40,Volkswagen,2006,V8,Mauv,Automatic,AWD,46478,169645
8sk9572v11p6bdtk7,Kia,Rio,Kia,2012,V8,Aquamarine,Automatic,AWD,19979,35051
8rpwfy76ywojis92n,Buick,Roadmaster,GM,1996,4-cylinder,Yellow,Automatic,AWD,17877,158139
8p5fua5783tlowczs,Pontiac,G5,GM,2009,V8,Red,Automatic,4WD,10597,89206
8ossq6c09ytf4fs3b,Lamborghini,Gallardo,Lamborghini,2007,V6,Turquoise,Manual,AWD,39359,58491
8n9wghu4w1lynlxoa,Honda,FCX Clarity,Honda,2012,4-cylinder,Blue,Automatic,RWD,26182,148620
8n7o9gdx8q68hocqh,Ford,Laser,Ford,1985,V8,Maroon,Automatic,RWD,11014,52992
8ltcaqmcz7kr605st,GMC,Savana 3500,GM,2006,4-cylinder,Indigo,Manual,RWD,48742,153067
8iybf09oedj5qxh1x,Land Rover,LR3,Land Rover,2009,4-cylinder,Maroon,Manual,AWD,8288,29309
8id0b8cat4s5kmond,Volvo,S80,Volkswagen,2009,V6,Pink,Manual,RWD,25773,119446
8i94481gshyieybbj,Volkswagen,GTI,Volkswagen,1999,4-cylinder,Puce,Automatic,RWD,34431,160083
8gwjk9ic0sl6t8kon,Toyota,Tercel,Toyota,1997,V6,Aquamarine,Manual,AWD,12257,87566
8ck21aapbey5agjh3,Chevrolet,Express 1500,GM,1996,V6,Crimson,Manual,AWD,13188,31817
8ax2fd2crnkdktjr2,Chevrolet,Silverado 3500,GM,2006,4-cylinder,Blue,Manual,AWD,17512,62429
8aol9kj54xu1jxmi5,Mazda,B-Series Plus,Mazda,1996,V8,Aquamarine,Manual,RWD,41419,82900
8a5q8tt1ridfbyoa6,BMW,Z4,Rolls-Royce,2005,V8,Puce,Manual,4WD,30207,14918
87ruooeaw8o76l106,Ford,Fusion,Ford,2012,4-cylinder,Yellow,Automatic,4WD,42016,112725
865z48oa4mcoaenu9,Lexus,LS Hybrid,Toyota,2010,V8,Turquoise,Automatic,RWD,5422,83781
85i2dygwf9n4dwwy2,Chevrolet,Caprice,GM,1996,4-cylinder,Pink,Automatic,4WD,41007,188362
83tzchjiu1mx22e7p,Porsche,911,Porsche,2001,V8,Fuscia,Manual,FWD,29525,58089
83c1u7mwv4x7zluuv,Pontiac,Firebird,GM,1985,4-cylinder,Red,Manual,FWD,44321,69717
82ct71ogobebyrl73,Mercedes-Benz,CLK-Class,Daimler AG,1999,V8,Purple,Manual,AWD,37060,45566
81pq63kstkrwdve9t,Smart,Fortwo,Toyota,2010,V6,Turquoise,Automatic,4WD,45000,119197
7x8t5wi4f7k32kda7,Jaguar,XK,Land Rover,2006,4-cylinder,Green,Manual,FWD,13337,36224
7vrxtk0y75bvskq0k,Toyota,Corolla,Toyota,2011,V8,Green,Automatic,RWD,37605,150264
7vo2fboha3kaix1aa,Oldsmobile,Silhouette,GM,2003,4-cylinder,Khaki,Manual,RWD,42712,39639
7uko8lbb7oz2cqp51,Mercedes-Benz,300SE,Daimler AG,1992,4-cylinder,Maroon,Automatic,AWD,43038,6122
7u7m1xgxkm2ylsu5a,Land Rover,Range Rover,Land Rover,1993,V6,Indigo,Manual,FWD,46584,199076
7tg8zgccurlvq3uh3,Hyundai,Veracruz,Hyundai,2011,4-cylinder,Green,Automatic,FWD,8737,127284
7sshu5367k9k1rbcu,Dodge,Viper,Chrysler,1999,V8,Orange,Automatic,FWD,11630,181625
7sft0k0owjvh2wzt0,Kia,Sedona,Kia,2003,V6,Aquamarine,Manual,4WD,45128,115433
7rxqsrzlbgawailty,Mazda,929,Mazda,1995,4-cylinder,Orange,Manual,RWD,9605,48380
7ovljq8bqq4wemdj2,Nissan,Sentra,Nissan,1996,4-cylinder,Orange,Automatic,4WD,12143,93588
7onn39j47ip83q107,Isuzu,i-290,Isuzu,2007,V8,Mauv,Manual,FWD,11363,836
7nufaq30hq15v1n89,Lexus,IS,Toyota,2004,4-cylinder,Crimson,Automatic,RWD,12612,142902
7nlqpfoecfq7byxcm,Volkswagen,Golf,Volkswagen,1997,V6,Goldenrod,Automatic,AWD,13714,21268
7lhoj03yso8u8lon0,Chevrolet,S10 Blazer,GM,1993,V8,Blue,Automatic,AWD,24975,171664
7l84tqjbxz2oudy4p,Ford,Mustang,Ford,1967,4-cylinder,Mauv,Manual,4WD,33381,198237
7kngonczw4mu6whlm,Infiniti,QX56,Nissan,2008,4-cylinder,Goldenrod,Automatic,RWD,44680,23178
7klrj8f2259oijdvm,Volkswagen,GTI,Volkswagen,1989,4-cylinder,Purple,Automatic,RWD,41467,33251
7h6eh5ragv23k5r10,Audi,A8,Volkswagen†,2010,4-cylinder,Blue,Automatic,4WD,36695,166385
7et53klofe1a07jt3,Ford,Crown Victoria,Ford,2000,V8,Red,Manual,RWD,48918,106620
7ernwvda8po67vjn9,Pontiac,G5,GM,2009,V6,Blue,Automatic,4WD,11416,179505
7dmkbehn57roj8pqc,Volkswagen,Golf,Volkswagen,1995,4-cylinder,Orange,Automatic,FWD,44667,76353
7die4q95jym4d38bf,Ford,Escape,Ford,2001,V6,Purple,Manual,FWD,45910,134839
7cs684doc9lehma7y,Acura,RDX,Honda,2007,4-cylinder,Mauv,Automatic,RWD,16803,16635
7c1thndo8no3s5dwi,Oldsmobile,Alero,GM,1999,V8,Maroon,Manual,FWD,18738,111245
7c12gabyngco34dh3,Chevrolet,Camaro,GM,2001,V6,Maroon,Manual,RWD,33457,63098
7b3qorc76qgfwt0g0,Pontiac,Sunbird,GM,1986,V6,Blue,Automatic,4WD,10142,162825
7a0o5uvjq1wzw139p,Pontiac,Daewoo Kalos,GM,2005,V8,Maroon,Manual,FWD,6642,143468
79dcf46i03rxo9b6y,Mercedes-Benz,300E,Daimler AG,1992,4-cylinder,Indigo,Automatic,RWD,7100,140607
78p5rwli5cae1qpx2,Ford,Escape,Ford,2006,V8,Puce,Automatic,AWD,45011,63844
76mjelznpw21f97fv,Mercury,Mystique,Ford,1997,V8,Fuscia,Automatic,4WD,38139,86587
75ewhmg0cc9l5qz7k,Maybach,62,Maybach,2003,V6,Pink,Manual,AWD,6823,107193
74zjbd1cnlagwkkb2,Audi,4000s Quattro,Volkswagen†,1986,4-cylinder,Purple,Manual,4WD,15227,182354
74uj7pij7fin5sizt,Isuzu,Rodeo Sport,Isuzu,2001,V8,Mauv,Manual,4WD,44770,8197
74li1rb3tri0inxzm,Buick,Skyhawk,GM,1988,4-cylinder,Blue,Automatic,RWD,31115,78734
72370g6mxmiu8dgtm,Dodge,Ram 2500,Chrysler,2005,4-cylinder,Mauv,Automatic,AWD,15800,43159
71b1st911s5unb2es,Chevrolet,Colorado,GM,2007,4-cylinder,Pink,Manual,FWD,26122,4496
6zn868lu7m7i1acob,Acura,RL,Honda,2010,4-cylinder,Maroon,Automatic,FWD,25585,134932
6z73g0nq5n02xomuc,GMC,Jimmy,GM,2001,V8,Maroon,Manual,RWD,48626,170793
6xrvz7cfsuqaodnre,Mazda,Miata MX-5,Mazda,1997,V8,Mauv,Manual,AWD,40924,77743
6uhkg330qkrxdrnxg,Maybach,62,Maybach,2008,V8,Fuscia,Manual,4WD,20845,39620
6tv469hto9fwupqn5,Buick,Park Avenue,GM,1994,V6,Blue,Manual,AWD,37334,100556
6shg5evgd5441egc1,Mercedes-Benz,E-Class,Daimler AG,1984,V8,Mauv,Manual,FWD,13384,64276
6r72p5mctsn07oej2,Toyota,Prius,Toyota,2003,V6,Goldenrod,Automatic,FWD,33322,58417
6qkfjoqv3jjbxe5d3,Pontiac,Firebird,GM,1996,V6,Aquamarine,Automatic,4WD,9951,181621
6o96wjph1lptg5q65,Audi,A6,Volkswagen†,2004,4-cylinder,Goldenrod,Automatic,AWD,27107,63897
6msfel4zpnzbribdw,Mercury,Capri,Ford,1992,V8,Maroon,Manual,AWD,44634,12421
6m3vmbh19127pce4v,Dodge,Ram Wagon B350,Chrysler,1994,4-cylinder,Blue,Automatic,AWD,35993,28745
6k1df1oi680dbeyne,Hyundai,Elantra,Hyundai,2012,4-cylinder,Aquamarine,Automatic,RWD,35531,90470
6indxn83h20qg7eny,Maybach,57,Maybach,2008,4-cylinder,Aquamarine,Automatic,4WD,40255,129078
6eppdqdoks2mdrql8,Toyota,Celica,Toyota,1983,V8,Puce,Manual,4WD,24492,129671
6dpfxm6envvitus6b,Kia,Optima,Kia,2005,V8,Pink,Manual,RWD,35070,162185
6b3mgwt7gronfd1x5,Mercury,Grand Marquis,Ford,2010,4-cylinder,Teal,Automatic,RWD,46940,556
664prk01rnmwyd2o2,Dodge,Daytona,Chrysler,1984,V8,Orange,Automatic,AWD,46723,157075
609d52etjxaufq5b8,Chrysler,Pacifica,Chrysler,2008,V8,Crimson,Automatic,FWD,24407,55801
5zs1f6j3w65byjjeg,Mercedes-Benz,E-Class,Daimler AG,2007,V6,Yellow,Manual,AWD,14127,138561
5vmbnge1gnljuqn7m,Ford,Explorer,Ford,1991,V6,Indigo,Manual,RWD,45618,98911
5s04b79wakhm02nu4,Ford,E-350 Super Duty,Ford,2006,V6,Pink,Automatic,4WD,23917,106828
5o1pbcfosb6hhvx4i,Suzuki,Grand Vitara,Suzuki,2007,V6,Red,Automatic,RWD,40572,1769
5n2uwx9w6rdvddfce,Eagle,Vision,Chrysler,1993,V6,Maroon,Manual,4WD,26450,24652
5j0efaqaflslggpzo,Saab,900,Saab,1996,4-cylinder,Red,Manual,FWD,33031,160267
5i34j4cfgdj2y1sic,Buick,Century,GM,2003,4-cylinder,Goldenrod,Automatic,FWD,27265,86541
5f7nakwtit8c9ywue,Hummer,H1,GM,1994,4-cylinder,Blue,Manual,RWD,47494,54735
5eupkw12rp31j0s4w,Volkswagen,Cabriolet,Volkswagen,2001,V6,Teal,Manual,AWD,16357,87523
59ansh5nlzftfjkgm,Chevrolet,Corvette,GM,2002,4-cylinder,Green,Automatic,FWD,13148,155983
59049u8m36w37snb6,Audi,90,Volkswagen†,1991,V8,Purple,Automatic,RWD,35558,83927
56momwhj0zlfd190t,Ford,Escape,Ford,2009,V6,Mauv,Manual,4WD,37810,132085
54i1hu6be6d0idg5v,Mitsubishi,Endeavor,Mitsubishi,2007,V6,Aquamarine,Manual,RWD,13818,77818
54967iqdcwah9hxyd,Lexus,RX,Toyota,2003,V6,Teal,Manual,4WD,16027,83040
52ensrn1hg2dd4c94,Audi,Q7,Volkswagen†,2010,V6,Goldenrod,Automatic,RWD,48298,96121
51hwru4krz3sflrz6,Mercedes-Benz,E-Class,Daimler AG,2000,4-cylinder,Crimson,Automatic,AWD,15408,182398
51ad5ezu30tno556a,Subaru,Alcyone SVX,Subaru,1997,4-cylinder,Khaki,Automatic,AWD,33343,12888
50ib38u24t6sn7t7u,Mercury,Cougar,Ford,1997,V6,Aquamarine,Manual,FWD,47702,53604
4xl6g5tll5b45xngl,Acura,NSX,Honda,1995,V8,Aquamarine,Automatic,4WD,46913,3847
4xee8tmkrr9zt23sy,Lexus,ES,Toyota,2011,V6,Purple,Manual,4WD,32129,66962
4vks4ch3oyvqf1cy7,Mercury,Cougar,Ford,2001,V8,Pink,Manual,AWD,25029,123081
4uw7voso98bfk963v,Ford,E250,Ford,2011,V8,Blue,Automatic,RWD,49567,97462
4uf6so5elfe8gdf3i,GMC,Yukon XL 2500,GM,2003,4-cylinder,Khaki,Manual,AWD,30420,57696
4u43j2tbyyp1t58bw,Buick,Century,GM,1990,V8,Puce,Automatic,RWD,43566,155744
4t8ydm94pbgp5ra7l,Volvo,C30,Volkswagen,2010,V8,Indigo,Automatic,FWD,16090,132096
4sy2w5dhgqttqtsu6,Mazda,MX-6,Mazda,1996,V8,Orange,Automatic,FWD,19967,43813
4sd1x719hp8ojwoan,Subaru,Impreza,Subaru,1993,4-cylinder,Yellow,Automatic,RWD,40163,25836
4qbrd2j5avuq88m8j,BMW,X6 M,Rolls-Royce,2013,4-cylinder,Red,Automatic,FWD,10760,102061
4oytdl8atdv2fvsra,Honda,S2000,Honda,2008,V8,Mauv,Automatic,AWD,26512,65154
4olaa2c0pgpup0bhq,Dodge,Caravan,Chrysler,1996,V6,Goldenrod,Automatic,AWD,30554,107971
4m72jh27rgizjxftu,Toyota,Xtra,Toyota,1995,V6,Blue,Automatic,4WD,7443,128317
4m6mjvzs1l91o35eo,BMW,525,Rolls-Royce,2006,V8,Khaki,Automatic,RWD,22321,15025
4lvl28jcmaquvkrjr,Chevrolet,Venture,GM,2000,4-cylinder,Purple,Automatic,RWD,18059,190426
4kfxb8d4rzucgsvhe,Jaguar,X-Type,Land Rover,2002,V6,Yellow,Automatic,FWD,16080,139931
4ilw8mtojyvsa758i,Honda,Ridgeline,Honda,2009,4-cylinder,Goldenrod,Manual,AWD,21037,68970
4hjcw1vowtn9wmgk9,Chevrolet,Suburban 2500,GM,1992,4-cylinder,Maroon,Automatic,4WD,10574,132828
4frdmaywxf3njjvvi,Toyota,Camry,Toyota,1995,V8,Pink,Manual,FWD,12969,99542
4fn9v0rct1qx1c9fx,Lexus,ES,Toyota,1989,4-cylinder,Pink,Automatic,4WD,32485,56378
4fexbhr14w9j9dh7l,Subaru,Forester,Subaru,1998,V8,Maroon,Manual,AWD,22092,4713
4e2gcijl3ia1cfhha,Hyundai,Elantra,Hyundai,2001,4-cylinder,Aquamarine,Manual,4WD,36256,88765
4dv35lzqq4cfz8r3r,Maserati,Spyder,Maserati,1991,V6,Turquoise,Manual,4WD,12410,110910
4b9idclitvzvh2bm6,Isuzu,Rodeo,Isuzu,2000,V6,Fuscia,Automatic,FWD,46415,56619
47f1bug6ywqwzdr52,Land Rover,Range Rover,Land Rover,2008,V6,Puce,Manual,RWD,30688,163218
47351pqjm6xpr78ep,Mercury,Cougar,Ford,1991,4-cylinder,Indigo,Manual,RWD,25251,72003
459y0z7om4ocukwez,GMC,Yukon XL 2500,GM,2013,V8,Red,Automatic,RWD,29998,96257
454hehnc3xymv9dhf,Toyota,Tacoma,Toyota,2010,V6,Purple,Manual,RWD,8871,78510
43nxlv8d2v0ieskvd,Infiniti,Q,Nissan,2000,V6,Yellow,Automatic,FWD,49707,199303
42f37xykgc3kwis33,Acura,Integra,Honda,1997,V6,Indigo,Manual,AWD,31804,151210
40u7w995ilfn1qhcz,Mitsubishi,Montero,Mitsubishi,1993,V6,Aquamarine,Manual,4WD,32591,143463
40ecfq0jdhu30atxu,Land Rover,Range Rover,Land Rover,1986,V8,Goldenrod,Manual,AWD,47941,3482
3zg44sgoisnavfcov,Honda,Civic Si,Honda,2005,4-cylinder,Aquamarine,Manual,RWD,42835,17473
3vb5h0j4q3z1rm0ud,Mercedes-Benz,GLK-Class,Daimler AG,2011,V8,Crimson,Manual,4WD,13225,175447
3unq82hvghjwc20f5,Mercedes-Benz,E-Class,Daimler AG,2001,V8,Red,Automatic,AWD,31738,116802
3rxm413awe4od51eu,Nissan,240SX,Nissan,1993,V6,Purple,Manual,FWD,49633,176150
3lk00nws34xklhupd,Volvo,C30,Volkswagen,2013,4-cylinder,Aquamarine,Manual,FWD,49478,81719
3jh4r2prs1dhgljsu,Audi,S4,Volkswagen†,2001,V8,Crimson,Automatic,FWD,46515,172249
3hv83qsni0gc0l03i,MINI,Cooper,BMW†,2012,V8,Red,Manual,RWD,33440,80899
3h6m4o8h042v3a8sw,Ford,F-250 Super Duty,Ford,2006,V8,Turquoise,Manual,4WD,40096,108984
3h4vqenflaoqhduo8,BMW,X5 M,Rolls-Royce,2011,V8,Puce,Automatic,4WD,27233,101917
3gtcmhfrwy7251jp9,Chevrolet,Silverado,GM,2003,4-cylinder,Mauv,Manual,AWD,30368,28043
3gg77492nzagsx6cq,Toyota,Prius,Toyota,2011,V8,Purple,Manual,AWD,19301,100304
3ewg6iz8vzvl5z0fw,Subaru,Leone,Subaru,1986,V6,Aquamarine,Manual,RWD,37391,101779
3evo3g2dkhzcvtnos,Suzuki,Reno,Suzuki,2006,V8,Pink,Manual,AWD,17300,54817
3e47l3p9h8aoyfqp7,Mazda,B-Series Plus,Mazda,2004,4-cylinder,Aquamarine,Manual,RWD,26574,20087
3cbziq2kj00ex62lj,BMW,M3,Rolls-Royce,2010,V8,Turquoise,Automatic,FWD,14520,111519
3c1jhzy1d3vqnwctf,Chevrolet,Silverado 1500,GM,1999,V8,Violet,Manual,AWD,34420,101744
3bio70jglb654bh0p,Suzuki,Kizashi,Suzuki,2010,4-cylinder,Green,Manual,RWD,13430,149037
3bfb27bq7ggm44u75,Dodge,Viper,Chrysler,2001,V6,Violet,Manual,4WD,42161,21193
3bbnvcy497ia4i7vr,GMC,Savana 3500,GM,2004,4-cylinder,Pink,Manual,FWD,39186,29300
3b7mmhovjjdw0tc59,Ford,Explorer Sport,Ford,2002,V6,Yellow,Automatic,4WD,42772,89516
3a7uydjosdf7psqn0,Volkswagen,Cabriolet,Volkswagen,1987,V6,Turquoise,Automatic,4WD,31212,132862
38hkmzoc7r5szduyb,Audi,A4,Volkswagen†,2004,4-cylinder,Violet,Automatic,4WD,13424,107155
37evz8ilgmdveasbt,Mazda,Miata MX-5,Mazda,1992,V8,Teal,Automatic,FWD,5779,61747
36sk2ctqk9vz42eee,Honda,Element,Honda,2011,V8,Purple,Automatic,FWD,48277,152303
35t2udaq8cqp6139l,Mercedes-Benz,CLK-Class,Daimler AG,2000,V8,Fuscia,Manual,4WD,21888,114364
34u5k7wafij1jjh1r,Mercedes-Benz,G-Class,Daimler AG,2004,V6,Khaki,Manual,AWD,41394,66636
34e8nuhv2nngcspaa,Suzuki,Swift,Suzuki,2001,4-cylinder,Green,Automatic,4WD,24260,192101
33scjwtaxwx7h1ooz,Cadillac,Eldorado,GM,2002,V6,Goldenrod,Manual,4WD,21098,142569
317ebqxdjz2lw6sjx,Mitsubishi,Precis,Mitsubishi,1992,4-cylinder,Puce,Automatic,4WD,23845,114164
2zrja3uuwyn09ezpx,Lexus,IS F,Toyota,2008,V8,Fuscia,Manual,RWD,16307,162918
2z0pycz86b7vda4ds,Suzuki,Reno,Suzuki,2006,4-cylinder,Pink,Automatic,RWD,35720,89831
2xixzclkpvg51r5c2,Audi,A4,Volkswagen†,2006,V8,Pink,Automatic,FWD,25986,107196
2xa0gih7nifmscjx2,Mercedes-Benz,CLK-Class,Daimler AG,1999,V8,Blue,Manual,RWD,37317,151175
2x14ux2tojsi5r2sv,Suzuki,Reno,Suzuki,2007,V8,Orange,Manual,AWD,38432,56588
2wbrprocv83xrf2w8,Lexus,IS,Toyota,2010,4-cylinder,Indigo,Manual,AWD,43819,192353
2waj1rgrav7sza64o,Ford,F-Series Super Duty,Ford,2009,4-cylinder,Teal,Automatic,RWD,24489,174441
2w6r9t93cig51fbja,MINI,Clubman,BMW†,2008,4-cylinder,Green,Manual,FWD,49728,75106
2vm2t8bowfjp2x1s2,Dodge,Caravan,Chrysler,2008,4-cylinder,Maroon,Automatic,RWD,27591,53283
2tjwwk8ku99hal3v7,GMC,Suburban 2500,GM,1997,V6,Blue,Manual,FWD,49388,119610
2tjtxhu94l25p1j5i,Honda,S2000,Honda,2006,V6,Fuscia,Automatic,RWD,10625,28227
2qqqvplkq8qby4efy,Lamborghini,Diablo,Lamborghini,1996,4-cylinder,Indigo,Automatic,RWD,11179,36230
2pd92bn6p40jta67f,Dodge,Neon,Chrysler,2002,V8,Khaki,Manual,FWD,45198,77675
2p9yy1hg51vmfy1sx,Nissan,Frontier,Nissan,2005,V8,Puce,Automatic,FWD,15707,30432
2msa1ru5ehvhiif7o,Pontiac,Grand Am,GM,1995,V6,Aquamarine,Manual,AWD,15266,18576
2j7h048x9xrpu48qc,Lincoln,Continental,GM,1994,V8,Khaki,Automatic,4WD,15086,41152
2g70h9e8m8nq4a7bd,Hyundai,Sonata,Hyundai,2002,4-cylinder,Violet,Manual,RWD,47156,187966
2e5ip6x4togfg7yer,Land Rover,Discovery,Land Rover,2002,4-cylinder,Maroon,Automatic,RWD,24650,124006
2bxc80r930htodog2,Ford,LTD,Ford,1985,V8,Crimson,Automatic,AWD,36537,95316
2a2o9hjdyazysn8ph,BMW,M3,Rolls-Royce,2004,V8,Blue,Automatic,4WD,24916,4411
29pvbg2bivrthji02,BMW,525,Rolls-Royce,2005,V8,Puce,Manual,4WD,30565,66158
29gonpm7fb9g0t0g8,Rolls-Royce,Phantom,Rolls-Royce,2007,V6,Blue,Manual,4WD,37785,59216
27ju942z58s00f799,Lincoln,MKT,GM,2010,V6,Purple,Automatic,4WD,34136,172664
26lur0ljr1g22t5q3,Audi,A4,Volkswagen†,2008,V6,Teal,Manual,RWD,15656,102764
25bxp0vj5snad28d8,Subaru,Forester,Subaru,2008,V8,Orange,Automatic,4WD,24813,199596
23jt1r87c2lbg76z4,Ford,F350,Ford,2000,V8,Teal,Automatic,FWD,46143,85943
22txpd6zqud3x8fyd,Porsche,Boxster,Porsche,2000,V6,Aquamarine,Automatic,AWD,43545,105555
22s8ndoe7msj7x2w0,Mercury,Grand Marquis,Ford,1993,V6,Turquoise,Automatic,AWD,33150,56182
21mix7lv79cs0b6ct,Kia,Sorento,Kia,2007,V8,Maroon,Manual,RWD,17051,7455
1yji5495m5lq71u5j,Eagle,Vision,Chrysler,1994,V6,Crimson,Automatic,AWD,7892,105470
1yb1nsx25pmwea4sh,Volvo,S60,Volkswagen,2011,V8,Goldenrod,Manual,FWD,38876,89375
1y05navucdj9sk745,Kia,Optima,Kia,2009,4-cylinder,Puce,Automatic,RWD,17985,84039
1xr8v2oxb9zqt3p78,Volkswagen,Cabriolet,Volkswagen,2002,V6,Khaki,Automatic,RWD,13408,17906
1ukwcxw9do9camdc5,BMW,7 Series,Rolls-Royce,2004,V8,Turquoise,Automatic,FWD,24952,124761
1ufriv9i6j5djk5u4,Saturn,S-Series,GM,1996,V8,Yellow,Automatic,4WD,17388,164956
1u8ejmfjrmdo7a7l2,Cadillac,DeVille,GM,1998,V6,Mauv,Manual,AWD,44761,122670
1u3o6ebtgfrj3za6k,GMC,Sierra 2500,GM,2011,V6,Khaki,Automatic,4WD,42384,108682
1tnjvi68ch3e5d0mc,Subaru,Impreza,Subaru,2000,V8,Yellow,Manual,4WD,30767,61919
1s17wmtdpv6yiiezc,Toyota,Corolla,Toyota,1995,V8,Pink,Automatic,FWD,44767,57424
1rdm2xhha22or597b,Infiniti,G,Nissan,2005,4-cylinder,Fuscia,Manual,AWD,28822,44529
1ofgrqjrfsx8oujei,Pontiac,Bonneville,GM,2004,V8,Mauv,Automatic,FWD,11749,137493
1nqnf2ahdkrapqo3n,Dodge,Journey,Chrysler,2012,V8,Orange,Automatic,RWD,5973,127597
1nfyia9tc7urm153n,Toyota,Yaris,Toyota,2007,V8,Violet,Manual,RWD,34679,168399
1n7x8rpyl8weep2y9,Audi,5000S,Volkswagen†,1988,4-cylinder,Pink,Automatic,4WD,48102,89642
1lt2lij49jzg27zuv,Toyota,FJ Cruiser,Toyota,2007,V8,Purple,Manual,FWD,13163,134534
1ktq5pzrvumc6662r,Chevrolet,Corvette,GM,1958,V8,Teal,Manual,RWD,15924,77842
1kngcb51ket5nsxs8,Pontiac,Safari,GM,1989,V8,Red,Manual,FWD,29901,6179
1k4834uki81jh3925,Kia,Sportage,Kia,1999,4-cylinder,Violet,Automatic,RWD,18593,12821
1iat6pmuuje42zdtg,Mercury,Mountaineer,Ford,2001,4-cylinder,Turquoise,Automatic,AWD,5934,162302
1i9wxpxfk8fssugt5,Kia,Carens,Kia,2009,V8,Puce,Automatic,4WD,18263,177279
1dusevr28w4nx86dw,Oldsmobile,Cutlass Supreme,GM,1992,4-cylinder,Maroon,Manual,AWD,36537,162804
1c03qd44zus4g0lp2,Volvo,S70,Volkswagen,1998,V6,Teal,Automatic,4WD,18805,13602
1awvl17tsveuv0o3j,Ford,GT,Ford,2006,V8,Pink,Automatic,FWD,43220,38438
19t9r78dnlp41ovjm,Mercedes-Benz,E-Class,Daimler AG,2009,4-cylinder,Yellow,Automatic,FWD,26041,75326
19mzvmte01zhwm8un,Mercedes-Benz,GL-Class,Daimler AG,2009,V8,Orange,Automatic,FWD,40010,81344
17uu2tl8hxm91rueo,Hyundai,Tucson,Hyundai,2008,V6,Aquamarine,Automatic,AWD,23617,165715
16xl7jp865fmjzm1u,Ford,Fusion,Ford,2013,4-cylinder,Teal,Manual,AWD,33273,181830